cleaned_name,cluster
Заместитель начальника управления,242.0
Начальник управления,214.0
Председатель комитета,238.0
Ведущий эксперт,766.0
Заместитель председателя комитета,581.0
Начальник отдела,182.0
Заместитель начальника отдела,
Директор,24.0
Главный бухгалтер,521.0
Художественный руководитель,
Заместитель директора,37.0
Заведующий музыкальной частью,
Секретарь делопроизводитель,646.0
Системный администратор,414.0
Главный администратор,1570.0
Артист солист ведущий мастер сцены,773.0
Сторож,560.0
Уборщик служебных помещений,1054.0
Преподаватель,139.0
Концертмейстер,419.0
Бухгалтер,61.0
Рабочий по комплексному обслуживанию ремонту зданий,1663.0
Секретарь учебной части,464.0
Вахт,236.0
Заведующий хозяйством,366.0
Библиотекарь,
Настройщик пианино роялей,1050.0
Заведующий отделом,1636.0
Главный библиотекарь,781.0
Ведущий библиотекарь,1395.0
Заведующий сектором,527.0
Заведующий филиалом,
Инженер-энергетик,662.0
Переплетчик документов,872.0
Ведущий юрисконсульт,542.0
Ведущий библиограф,1279.0
Программист,104.0
Специалист по связям общественностью,217.0
Заведующий архивом,812.0
Заместитель директора по основной деятельности,37.0
Главный библиограф,702.0
Ведущий бухгалтер,1683.0
Заместитель директора по библиотечной работе,830.0
Инженер-программист,136.0
Ведущий экономист,571.0
Ведущий инженер-программист,136.0
Библиограф,1279.0
Заместитель директора по административно-хозяйственной части,1628.0
Гардеробщик,1304.0
Документовед,535.0
Методист,57.0
Юрисконсульт,542.0
Заместитель главного бухгалтера,1679.0
Специалист по охране труда,374.0
Ученый секретарь,79.0
Экономист,571.0
Ведущий специалист по охране труда,374.0
Заместитель директора по библиотечной деятельности,830.0
Техник,394.0
Заместитель директора по инновационным направлениям,37.0
Ведущий инженер- программист,136.0
Заместитель директора по развитию,
Водитель,62.0
Специалист по защите информации,1646.0
Специалист по кадрам,187.0
Методист библиотеки,57.0
Заведующий сектором семейного чтения,751.0
Завсектором по работе дошкольниками,608.0
Инженер -программист,136.0
Художник,144.0
Рабочий по компл обслуж здания,1633.0
Подсобный рабочий,174.0
Секретарь,79.0
Заместитель министра,546.0
Заместитель министра начальник управления грантовой поддержки музейной деятельности цифровой трансформации,313.0
Референт,1292.0
Министр культуры,866.0
Главный консультант,164.0
Смотритель музейный,449.0
Специалист по учетно-хранительской документации,496.0
Заведующий выставочным залом,393.0
Художник компьютерной графики,144.0
Заведующий дом-музея чепцова,1443.0
Дворник,192.0
Младший научный сотрудник,36.0
Научный сотрудник,36.0
Художник-реставратор,270.0
Начальник хозяйственного отдела,1260.0
Заведующий библиотекой,
Заведующий реставрационной мастерской,
Старший научный сотрудник,36.0
Рабочий по комплексному обслуживанию ремонту здания,1663.0
Заведующий филиалом клыкова,
Заведующий отделом массовой работы,986.0
Главный хранитель,1190.0
Заведующий отделом декоративно-прикладного искусства,1181.0
Заместитель директора по научной работе,608.0
Заведующий отделом научно-вспомогательного фонда,1636.0
Главный специалист по правовым вопросам,1681.0
Начальник отдела кадров,1667.0
Кассир,172.0
Экономист по бухгалтерскому учету анализу хозяйственной деятельности,716.0
Истопник,689.0
Делопроизводитель,549.0
Рабочий,451.0
Вахтер,236.0
Настройщик музыкальных инструментов,683.0
Директор музея,1610.0
Заведующий канцелярией,893.0
Главный хранитель фондов,752.0
Специалист по учетно хранительской документации,496.0
Хранитель фондов,752.0
Заведующий складом,703.0
Уборщица,565.0
Педагог дополнительного образования,1642.0
Начальник административно-хозяйственной части,1009.0
Менеджер по рекламе,118.0
Гардеробщица,1304.0
Секретарь руководителя,725.0
Заведующий кабинетом,959.0
Инженер по охране труда противопожарной безопасности,122.0
Настройщик,683.0
Архивариус,665.0
Рабочий по обслуж здания,1633.0
Педагог организатор,28.0
Звукооператор,
Секретарь уч части,464.0
Костюмер,771.0
Педагог психолог,92.0
Медицинский работник,1023.0
Лаборант,234.0
Социальный педагог,326.0
Заведующий отделением,1636.0
Заместитель директора по учебно-воспитательной работе,124.0
Уборщик производственных служебных помещений,793.0
Рабочий по обслуживанию зданий,1633.0
Оператор котельной,
Уборщик территории,1280.0
Директор школы,1017.0
Преподаватель фортепиано,1634.0
Уборщик помещений,300.0
Рабочий по комплексному обслуживанию зданий,1663.0
Заместитель директора по учебной части,348.0
Профконсультант,1513.0
Студент,27.0
Воспитатель,43.0
Педагог-психолог,92.0
Педагог-организатор,28.0
Заместитель директора по административно-хозяйственной работе,1628.0
Главный специалист,211.0
Водитель автомобиля,111.0
Администратор,140.0
Заведующий практикой,1704.0
Преподаватель-организатор основ безопасности жизнедеятельности,1641.0
Заведующий учебной практикой,1704.0
Руководитель физического воспитания,873.0
Педагог,30.0
Совместитель,84.0
Заведующий костюмерной,771.0
Режиссер-постановщик,285.0
Звукорежиссер,
Монтировщик сцены,1203.0
Помощник художественного руководителя,432.0
Художник по свету,1037.0
Заведующий труппой,13.0
Художник-фоторгаф,144.0
Установщик декораций,969.0
Начальник технического отдела,1256.0
Художник-постановщик,302.0
Билетный кассир,567.0
Заведующий художественно-постановочной частью,352.0
Начальник производственного отдела,1236.0
Заведующий художественно-оформительской мастерской,352.0
Главный режиссер,802.0
Художник-гример,737.0
Столяр по изготовлению декораций,969.0
Художник по костюмам,144.0
Руководитель литературно-драматургической части,806.0
Заместитель директора главный режиссер,802.0
Осветитель,470.0
Балетмейстер,1071.0
Швея,1353.0
Художник декоратор,357.0
Помощник главного режиссера,1013.0
Реквизитор,1450.0
Специалист по связи общественностью,217.0
Начальник участка по реализации социальных кинопроектов,
Менеджер,118.0
Специалист по маркетингу,1184.0
Художник-фотограф,235.0
Старший инспектор по кадрам,1500.0
Ведущ бухгалтер,61.0
Инженер,27.0
Начальник отдела кадров правовой работы,1667.0
Инженер по обслуживанию,921.0
Звукорежисер,
Заместитель директора по кинопрокату,37.0
Начальник хоз отдела,848.0
Рабочий по обслуж ремонту зданий,1633.0
Заместитель директора по вопросам кинообсл населения,37.0
Монтажер,1203.0
Начальник участка по формированию фильмофонда учету фильмоматериалов,
Старший мастер,306.0
Кладовщик,249.0
Методист по составлению кинопрограмм,57.0
Редактор по репертуару,223.0
Заместитель начальника технического отдела,1256.0
Начальник участка статистики правов работы,
Преподаватель бс,139.0
Заместитель директора по общим вопросам,398.0
Специалист по охране труда технике безопасности,1680.0
Машинист сцены,615.0
Заведующий художественно постановочной частью,352.0
Артист,110.0
Художник конструктор,1360.0
Начальник мастерской,
Репетитор по вокалу,648.0
Старший билетный кассир,567.0
Начальник отдел кадров,1667.0
Артист ведущий мастер сцены,773.0
Контролер билетов,1105.0
Художник бутафор,1295.0
Художник модельер театрального костюма,339.0
Руководитель литературно драматургической частью,806.0
Инженер программист,136.0
Рабочий по комплексному обслуживанию здания,1663.0
Директор театра,24.0
Бутафор,1295.0
Изготовитель игровых кукол,1433.0
Заведующий билетными кассами,13.0
Оператор видеозаписи,70.0
Ведущий инженер энергетик,662.0
Диспетчер,1471.0
Экспедитор по перевозке грузов,561.0
Гример-постижер,737.0
Заведующий театрально производственной мастерской,277.0
Главный художник,1037.0
Режиссер постановщик,285.0
Художник постановщик,302.0
Инженер по охране труда технике безопасности,1680.0
Столяр,198.0
Дежурный по общежитию,311.0
Начальник отдела материально-технического снабжения,1693.0
Заместитель директора по учебной работе,348.0
Советник директора по воспитанию взаимодействию детскими общественными объединениями,1632.0
Заведующий учебно-производственной мастерской по ковроткачеству,277.0
Заведующий столовой,587.0
Заведующий общежитием,911.0
Повар,267.0
Инспектор по кадрам,287.0
Заведующий учебно- производственной мастерской по гончарному искусству,277.0
Заведующий музыкальной лабораторией,
Хормейстер,286.0
Заместитель директора по воспитательной работе,
Оператор компьютерного набора верстки,121.0
Уборщик территорий,528.0
Механик,256.0
Водитель атомобиля,62.0
Слесарь по ремонту автомобилей,1697.0
Ведущий диспетчер,56.0
Медицинская сестра,1023.0
Главный инженер,952.0
Тракторист,651.0
Рабочий зеленого хозяйства,736.0
Маляр,129.0
Дежурная по общежитию,311.0
Рабочий по комплексному обслуж ремонту зданий,1663.0
Заведующий практики,1704.0
Заведующий заочным отделением,1636.0
Заведующий учебного отделения,1387.0
Заведующий обоянским филиалом колдеджа,
Комендант,1062.0
Старший воспитатель,43.0
Заместитель директора по научно-методической работе,
Начальник отдела закупок,1658.0
Машинистка,376.0
Эксперт,386.0
Начальник службы безопасности,317.0
Заведующий фотолабораторией,13.0
Буфетчик,765.0
Преподаватель-организатор основам безопасности жизнедеятельности,1641.0
Руководитель физвоспитания,1142.0
Механник,256.0
Паспортист,471.0
Аккомпаниатор,299.0
Кастелянша,503.0
Слесарь-сантехник,939.0
Генеральный директор,24.0
Лектор,81.0
Культорганизатор,891.0
Хранитель музейных предметов,543.0
Ведущий специалист по маркетингу,1184.0
Кассир билетный,567.0
Заместитель директора по научно-фондовой работе,
Заместитель директора по научно-просветительной выставочной работе,
Специалист по учету музейных предметов,543.0
Хранитель экспонатов,1190.0
Редактор электронных баз данных музея,459.0
Художник реставратор,270.0
Специалист по снабжению,524.0
Рабочий по уходу за животными,1386.0
Организатор экскурсий,280.0
Садовник,192.0
Инженер-электрик,976.0
Главный специалист по связям общественностью,217.0
Главный научный сотрудник,36.0
Ветеринарный врач,354.0
Техник-программист,323.0
Главный специалист отдела кадров,1151.0
Инженер по надзору за строительством,1025.0
Организатор лекций,280.0
Руководитель кружка,777.0
Художник дизайнер,1213.0
Реставратор художественных изделий декоративных предметов,883.0
Главный экономист,571.0
Художник-дизайнер,1213.0
Главный художник-реставратор,270.0
Реставратор тканей гобеленов ковров,883.0
Ведущий ветеринарный врач,1660.0
Ветеринарный фельдшер,42.0
Руководитель,25.0
Начальник овсэ,19.0
Уполномоченный по защите прав предпринимателей курской области,967.0
Помощник уполномоченного,844.0
Заместитель руководителя,180.0
Техник по обслуживанию газовых котлов,1124.0
Мастер по промыслам,40.0
Заместитель директора по инновационной методической деятельности,1311.0
Заместитель директора по организационной творческой деятельности,1650.0
Заместитель директора по хозяйственной части,1009.0
Энергетик,350.0
Ведущий инженер,319.0
Заместитель директора по коммерческим вопросам,37.0
Уполномоченный по правам реб нка курской области,1074.0
Помощник уполномоченного по правам ребенка курской области,844.0
Начальник отдела информации,1207.0
Управляющий делами,
Уполномоченный по правам человека,1074.0
Операто котельной,
Заместитель директора по умр,1131.0
Преподаватель дши,1261.0
Преподаватель внешний,915.0
Рабочий по обслуживания газовой котельной,71.0
Рабочий по обслуживания здания,1633.0
Начальник отдела реализации продвижения туристских проектов,271.0
Начальник отдела развития туристской инфраструктуры,852.0
Начальник информационно-аналитического центра,
Настройщик духовых инструментов,365.0
Заместитель директора по внеклассной работе,443.0
Завхоз,927.0
Специалист по учебно-методической работе,
Убощик служебных помещений,347.0
Заместитель дироектора по учебно-воспитательной работе,181.0
Главный государственный инженер-инспектор,661.0
Главный государственный инженер-инспектор городов районов курской области по инспекционной работе,210.0
Главный государственный инженер-инспектор курска,661.0
Заместитель начальника инспекции-заместитель главного государственного инженера-инспектора курской области,1096.0
Главный консультант отдела финансового хозяйственного учета,862.0
Главный консультант организационно-аналитического отдела,164.0
Главный государственный инженер-инспектор суджанского районов,661.0
Начальник отдела финансового хозяйственного учета,862.0
Главный государственный инженер-инспектор железногорского дмитриевского районов,661.0
Начальник отдела регионального надзора,1321.0
Главный государственный инженер-инспектор городов районов курской области по надзору за аттракционами,210.0
Начальник инспекции-главный государственный инженер инспектор курской области,661.0
Начальник отдела-организационно-аналитический,984.0
Начальник отдела инспекционной работы,182.0
Начальник отдела -главный государственный инженер-инспектор курска,661.0
Заместитель главного государственного инженера-инспектора курска,1096.0
Главный специалист отдела археологической экспертизы,
Начальник инспекции,937.0
Заместитель начальника,424.0
Начальник отдела археологической экспертизы,
Главный специалист отдела архитектурно- исторической экспертизы,298.0
Начальник отдела архитектурно-исторической экспертизы,298.0
Архитектор отдела архитектурно-исторической экспертизы,298.0
Главный консультант ар,164.0
Главный консультант ит,164.0
Министр,866.0
Первый заместитель министра,478.0
Ведущий консультант,1605.0
Консультант,1513.0
Заместитель министра-начальник управления,313.0
Главный специалист информационно-технического отдела,202.0
Ведущий инженер программист отдела отраслевой цифровой трансформации,191.0
Главный специалист отдела связи,1123.0
Инженер программист отдела цифровой трансформации государственного управления,157.0
Начальник отдела связи,1123.0
Главный специалист по охране труда отдела правового кадрового административно-хозяйственного обеспечения,1202.0
Главный специалист отдела отраслевой цифровой трансформации,191.0
Инженер программист отдела защиты информации,1506.0
Заместитель начальника отдела правового кадрового административно-хозяйственного обеспечения,1202.0
Начальник отдела отраслевой цифровой трансформации,191.0
Инженер программист информационно-технического отдела,1514.0
Ведущий инженер программист отдела внедрения сопровождения информационных систем,200.0
Начальник отдела правового кадрового административно-хозяйственного обеспечения,1202.0
Заместитель начальника отдела цифровой трансформации государственного управления,157.0
Ведущий инженер программист отдела цифровой трансформации государственного управления,157.0
Ведущий инженер программист отдела защиты информации 21г,1506.0
Инженер программист одела защиты информации,1506.0
Главный специалист отдела сетевой инфраструкты сопровождения цод,252.0
Инженер программист отдела внедрения сопровождения информационных систем,200.0
Главный специалист отдела внедрения сопровождения информационных систем,200.0
Начальник отдела защиты информации,1645.0
Главный специалист отдела цифровой трансформации государственного управления,157.0
Главный юрисконсульт отдела правового кадрового административно-хозяйственного обеспечения,1202.0
Ведущий инженер программист отдела правового кадрового административно-хозяйственного обеспечения,87.0
Ведущий инженер программист информационно-технического отдела,1514.0
Главный специалист отдела сетевой инфраструктуры сопровождения цод,252.0
Инженер программист отдела мультимедийного сопровождния вкс,136.0
Главный специалист отдела защиты информации,1645.0
Заместитель начальника информационно-технического отдела,202.0
Заместитель начальника отдела защиты информации,1645.0
Начальник отдела внедрения сопровождения информационных систем,200.0
Главный специалист отдела правового кадрового административно-хозяйственного обеспечения,1202.0
Начальник информационно-технического отдела,202.0
Главный специалист по кадрам отдела правового кадрового административно-хозяйственного обеспечения,1202.0
Заместитель начальника отдела внедрения сопровождения информационных систем,200.0
Начальник отдела мультимедийного сопровождения вкс,102.0
Начальник отдела цифровой трансформации государственного управления,157.0
Начальник отдела сетевой инфраструктуры сопровождения цод,252.0
Заместитель начальника отдела сетевой инфраструктуры сопровождения цод,252.0
Инженер программист отдела аналитики внедрения прикладного,1580.0
Главный юрисконсульт,542.0
Ведущий инженер программист отдела средств вычислительной техники мультимедийного сопровождения вкс,925.0
Заместитель начальника отдела средств вычислительной техники мультимедийного сопровождения вкс,102.0
Инженер программист отдела средств вычислительной техники мультимедийного сопровождения,925.0
Главный специалист отдела средств вычислительной техники мультимедийного сопровождения,925.0
Ведущий инженер программист отдела средств вычислительной техники мультимедийного сопровождения,925.0
Заместитель начальника отдела отраслевой цифровой трансформации,191.0
Специалист по защите информации отдела защиты информации,1645.0
Ведущий инженер программист отдела сетевой инфраструктуры сопровождения цод,252.0
Главный консультант управления экономического планирования финансирования,1643.0
Заместитель начальника управления территориального планирования градостроительного зонирования,307.0
Референт отдела контроля за соблюдением законодательства градостроительной деятельности,138.0
Заместитель начальника управления правовой работы государственной службы обращений граждан,349.0
Начальник отдела информационных технологий защиты информации,1645.0
Начальник управления экономического планирования финансирования,1643.0
Заместитель начальника управления государственных муниципальных услуг,483.0
Референт отдела информационных технологий защиты информации,1645.0
Референт управления государственных муниципальных услуг,483.0
Заместитель начальника управления экономического планирования финансирования,1643.0
Начальник отдела контроля за соблюдением законодательства градостроительной деятельности,138.0
Референт управления территориального планирования градостроительного зонирования,307.0
Главный консультант управления государственных муниципальных услуг,483.0
Первый заместитель председателя комитета,581.0
Начальник управления территориального планирования градостроительного зонирования,307.0
Заместитель председателя начальник управления государственных муниципальных услуг,483.0
Начальник управления правовой работы государственной службы обращений граждан,349.0
Главный консультант управления правовой работы государственной службы обращений граждан,349.0
Председатель комитета главный архитектор курской области,238.0
Ведущий эксперт управления территориального планирования,995.0
Главный консультант управления территориального планирования,995.0
Начальник отдела правовой кадровой работы делопроизводства,1666.0
Главный консультант отдела контроля за соблюдением законодательства градостроительной деятельности,138.0
Начальник отдела главный бухгалтер отдела финансирования бухгалтерского учета,734.0
Эксперт отдела финансирования бухгалтерского учета,734.0
Главный консультант отдела финансирования бухгалтерского учета,734.0
Эксперт отдела правовой кадровой работы делопроизводства,1666.0
Заместитель председателя начальник управления территориального планирования,995.0
Заместитель председателя комитета-начальник управления,147.0
Начальник отдела экономического анализа финансирования контроля,779.0
Начальник отдела ресурсного обеспечения координации технического оснащения,827.0
Заместитель начальник отдела организационно-документационного обеспечения,1650.0
Главный консультант управления реестра актовых записей оказания государственных услуг хранения документов,66.0
Референт организационно-документационного обеспечения,1650.0
Заместитель начальник управления реестра актовых записей оказания государственных услуг хранения документов,66.0
Начальник отдела организационно-документационного обеспечения,1650.0
Начальник управления реестра актовых записей оказания государственных услуг хранения документов,66.0
Заместитель начальник отдела экономического анализа финансирования контроля,779.0
Архивариус управления реестра актовых записей оказания государственных услуг хранения документов,66.0
Оператор call центра,1055.0
Оператор диспетчерской службы,1334.0
Заместитель директора по транспорту,37.0
Ведущий эксперт по законодательству на транспорте,1359.0
Старший оператор пассажирского транспорта,1138.0
Помощник директора,1383.0
Оператор весового контроля,70.0
Контролер пассажирского транспорта,1138.0
Специалист по моделированию транспортной системы,1457.0
Старший контролер,193.0
Руководитель направления по модернизации транспорта,1586.0
Ведущий эксперт по экономике на транспорте,1359.0
Главный бухгалтер начальник отдела,216.0
Заместитель директора по обеспечению безопасности дорожного движения,7.0
Ведущий специалист,80.0
Старший оператор call центра,1055.0
Руководитель проектного офиса,25.0
Специалист по весовому контролю,666.0
Исполняющий обязанности директора,1126.0
Уборщица служебных помещений,347.0
Заместитель начальника инспекции,937.0
Заместитель начальника отдела аналитики цифровизации контрольно-надзорной деятельности,253.0
Заместитель начальника отдела строительного надзора,274.0
Начальник отдела специальных надзоров,272.0
Заместитель начальника отдела специальных надзоров,272.0
Начальник отдела строительного надзора,274.0
Начальник отдела аналитики цифровизации контрольно-надзорной деятельности,253.0
Ведущий консультант отдела аналитики цифровизации контрольно-надзорной деятельности,253.0
Главный государственный инспектор,188.0
Заместитель начальника инспекции-начальник отдела общего надзора,453.0
Заместитель начальника отдела технологического надзора,
Начальника инспекции,937.0
Начальник отдела технологич надзора,1321.0
Ведущий консультант отдела специальных надзоров,272.0
Ведущий консультант отдела строительного надзора,274.0
Тренер-преподаватель,301.0
Машинист холодильных установок,517.0
Хореограф,490.0
Специалист по безопасности,1252.0
Помощник руководителя,432.0
Начальник методического отдела,
Заведующий комплексом,1215.0
Инструктор по спорту,33.0
Фельдшер,163.0
Бухгалтер-кассир,612.0
Врач по спортивной медицине,647.0
Специалист по закупкам,1654.0
Инстуктор-методист,479.0
Электромонтер по ремонту обслуживанию электрооборудования,34.0
Рабочий по обслуживанию текущему ремонту зданий сооружений оборудования,1633.0
Приемщик пункта проката коньков,1587.0
Заместитель директора по эксплуатации сооружения,507.0
Заместитель директора по финансово-правовым вопросам,1330.0
Начальник спортивного отдела,
Заместитель директора по спортивной работе,316.0
Тренер,169.0
Врач,26.0
Психолог,392.0
Специалист по подготовке спортивного инвентаря,1004.0
Спортсмен,1058.0
Водитель самоходной техники,62.0
Слесарь по обслуживанию тепловых сетей,987.0
Старший инстуктор-методист,479.0
Водитель льдоуборочной машины,596.0
Старший тренер,11.0
Техник по ремонту обслуживанию электрооборудования,1144.0
Тренер-наездник лошадей,169.0
Системный инженер,1477.0
Конюх,2.0
Заместитель директора по финансовой деятельности главный бухгалтер,488.0
Экономист по планированию,571.0
Инструктор проката,1504.0
Кузнец ручной ковки,40.0
Инструктор-методист,119.0
Администратор спортивного сооружения,507.0
Старший тренер-преподаватель,11.0
Главный врач,1106.0
Начальник конюшни,19.0
Контрактный управляющий,397.0
Водитель легкового автомобиля,
Специалист по антидопинговому обеспечению,735.0
Заместитель директора по ср,37.0
Заместитель директора по методической работе,
Контролер технического состояния транспортных средств автомобильного транспорта,1669.0
Старший инструктор-методист,119.0
Дежурный администратор спортивных сооружений,1458.0
Заместитель директора по фхд,37.0
Рабочая по кухне,222.0
Сетевой администратор,140.0
Рабочий зеленого хозяйства спортивных сооружений,736.0
Машинист крана,69.0
Горничная,899.0
Врач по спортивной медецине,647.0
Бармен,2.0
Ведущий администратор,140.0
Начальник службы эксплуатации,317.0
Ремонтировщик плоскостных спортивных сооружений,710.0
Старшая горничная,899.0
Слесарь-электрик по ремонту электрооборудования,1639.0
Машинист экскаватора,69.0
Инженер по профессиональной уборке,1182.0
Кухонный рабочий,276.0
Гладильщица,565.0
Посудомойщица,565.0
Электрик,1098.0
Машинист погрузочной машины,69.0
Токарь,900.0
Главный энергетик,350.0
Мастер садово-паркового ландшафтного строительства,40.0
Инженер-строитель,27.0
Заведующая столовой,587.0
Начальник гаража,556.0
Слесарь- сантехник,939.0
Тренер- преподаватель,301.0
Электромонтер по ремонту обслуживанию электроустановок,34.0
Заместитель директора по финансово- экономической деятельноси главный бухгалтер,1330.0
Заместитель директора по хч,37.0
Рабочий по комплексному обслуживанию тепловых сетей,743.0
Специалист по безопасности дорожного движения,7.0
Заведующий комлексом,13.0
Специалист по обслуживанию ремонту спортивного инвентаря оборудования,1004.0
Специалист по обеспечению безопасности,1252.0
Экономист по материально-техническому снабжению,895.0
Массажист,988.0
Заместитель директора по административно- правовым вопросами,1628.0
Менеджер проектов,118.0
Начальник юридического отдела,364.0
Начальник отдела перспективных проектов,613.0
Начальник отдела по привлечению инвестиций,1011.0
Менеджер по привлечению инвестиций,1011.0
Исполняющий обязанности генерального директора,1126.0
Начальник отдела бухгалтерского учета кадровой работы,333.0
Заместитель начальника отдела перспективных проектов,613.0
Начальник финансово-экономического отдела,1695.0
Начальник отдела стратегического развития,182.0
Начальник отдела социальных проектов,678.0
Начальник отдела инфраструктурных объектов,182.0
Заместитель генерального директора,
Спортсмен-инструктор,1058.0
Техник по эксплуатации обслуживанию звукотехнического оборудования,1335.0
Рабочий по обслуживанию ремонту зданий,1633.0
Старший фельдшер,476.0
Слесарь-ремонтник,134.0
Бухгалтер по заработной плате,61.0
Заместитель директора начальник административно-правового отдела,1628.0
Администратор баз данных,459.0
Заместитель директора начальник административно-хозяйственного отдела,1628.0
Инструктор-методист по адаптивной физической культуре,332.0
Первый заместитель директора-начальник отдела организации спортивных физкультурных мероприятий,1088.0
Заместитель директора-начальник учебно-спортивного отдела,
Тренер по адаптивной физической культуре,445.0
Старший тренер-преподаватель по адаптивной физической культуре,445.0
Заместитель начальника планово-экономического отдела,1699.0
Заместитель директора-начальник планово-экономического отдела,1699.0
Тренер-преподаватель по адаптивной физкультуре,1052.0
Заведующий спортивным комплексом,1002.0
Инспектор отдела кадров,368.0
Рабочий по эксплуатации ремонту зданий,1633.0
Главный инженер начальник отдела технического обеспечения,952.0
Техник-энергетик,350.0
Заместитель директора-заведующий спортивным комплексом,1002.0
Инструктор-методист по адаптивной физкультуре,332.0
Слесарь кипиа,1301.0
Начальник отдела по спортивно-массовой работе,1178.0
Начальник отдела административно-хозяйственного обеспечения,639.0
Медицинский брат,1419.0
Инструктор по афк,1030.0
Электромонт по ремонту обслуживанию электрооборудования,547.0
Заместитель директора главный инженер,342.0
Начальник отдела правовой кадровой работы,1666.0
Старший администратор,140.0
Заместитель начальника отдела безопасности,1684.0
Начальник отдела безопасности,1684.0
Старший инструктор по афк,1030.0
Специалист по уч ту музейных предметов,543.0
Менеджер по культурно-массовому досугу,118.0
Слесарь по ремонту обслуживанию систем вентиляции кондиционирования,760.0
Административный помощник руководителя,432.0
Заместитель руководителя отдела маркетинга менеджмента,1495.0
Заместитель директора по развитию руководитель отдела маркетинга менеджмента,1495.0
Начальник административного отдела,868.0
Механик по обслуживанию звуковой техники,956.0
Дежурный по спортивному залу,1497.0
Заместитель начальника финансово-экономического отдела экономист,338.0
Начальник группы по спортивно-оздоровительной работе,1367.0
Специалист по обеспечению безопасности объекта,1252.0
Главный врач медицинского пункта стадиона,401.0
Секретарь-администратор,140.0
Руководитель рцт вфск гто,1407.0
Главный судья спортивных соревнований,1078.0
Слесарь сантехник,939.0
Аппаратчик химводоочистки,495.0
Инспектор соревнований,1078.0
Начальник группы хозяйственного обеспечения,557.0
Начальник финансово-экономического отдела главный бухгалтер,1695.0
Начальник отдела юридической кадровой работы,1666.0
Заместитель директора по эксплуатации объекта спорта фок,1159.0
Начальник отдела спортивных мероприятий,1088.0
Начальник административно-хозяйственного отдела,1628.0
Заместитель директора по эксплуатации объекта спорта стадиона,1159.0
Заместитель директора по физкультурно-спортивной работе,316.0
Электромонтер по ремонту обслуживания электрооборудования,1401.0
Заместитель главного спортивного судьи,281.0
Секретарь-делопроизводитель,646.0
Специалист по персоналу,123.0
Главный врач медицинского пункта фок,401.0
Слесарь по обслуживанию системы вентиляции кондиционирования воздуха,760.0
Наладчик технологического оборудования,950.0
Старший инспектор-делопроизводитель,279.0
Ведущий специалист-эксперт,450.0
Главный специалист-эксперт,295.0
Ведущий эксперт отдела юридической кадровой работы,1666.0
Ведущий консультант отдела экономики финансов бухгалтерского учета,343.0
Главный специалист-эксперт отдела регионального государственного надзора за обеспечением сохранности автомобильных дорог,929.0
Главный специалист-эксперт управления инвестиционной политики,680.0
Ведущий эксперт отдела регионального государственного надзора за обеспечением сохранности автомобильных дорог,929.0
Временно исполняющий обязанности начальника управления,497.0
Главный консультант управления контрольно-надзорной деятельности,253.0
Главный консультант управления экономики финансов инвестиционной политики,680.0
Заместитель начальника упраления экономики финансов бухгалтерского учета,1664.0
Эксперт управления организации перевозок транспортной логистики,1596.0
Главный консультант управления экономики финансов бухгалтерского учета,343.0
Ведущий эксперт управления экономики финансов бухгалтерского учета,343.0
Эксперт отдела экономики финансов бухгалтерского учета,343.0
Начальник упраления экономики финансов бухгалтерского учета,1664.0
Эксперт отдела юридической кадровой работы,1666.0
Заместитель начальника инспекции-начальник отдела начислений правового регулирования,453.0
Главный консультант отдела инспекторских проверок,164.0
Главный консультант управления экономического планирования государственных ветеринарных услуг,345.0
Начальник управления ветеринарного контроля организации карантина,441.0
Главный консультант управления организации ветеринарных мероприятий государственного надзора,614.0
Начальник управления экономического планирования государственных ветеринарных услуг,345.0
Главный консультант управления ветеринарного контроля организации карантина,441.0
Заместитель начальника управления организации ветеринарных мероприятий государственного надзора,614.0
Референт управления ветеринарного контроля организации карантина,441.0
Заместитель начальника управления ветеринарного контроля организации карантина,441.0
Референт управления организации ветеринарных мероприятий государственого надзора,614.0
Референт управления экономического планирования государственных ветеринарных услуг,345.0
Заместитель начальника управления-начальник отдела вет-санитарной безопасности гос надзора,183.0
Председатель комитета ветеринарии,238.0
Начальник главного управления,
Начальник управления молод жной политики,1135.0
Министр внутренней молод жной политики,1135.0
Заместитель министра-начальник упраления,313.0
Заместитель начальника главного управления,
Начальник управления организационной финансовой кадровой работы,1031.0
Заместитель председателя начальник отдела,1310.0
Начальник отдела оздоровления отдыха детей,1408.0
Начальник отдела организационной финансовой кадровой работы,1031.0
Секретарь судебного заседания,79.0
Помощник мирового судьи,864.0
Секретарь мирового судьи,864.0
Заместитель начальника управления начальник отдела организационно-правового кадрового обеспечения,183.0
Курьер,1057.0
Заместитель директора главный бухгалтер,488.0
Заместитель начальник управления,1571.0
Главный консультант по защите государственной тайны мобилизационной подготовке,179.0
Заведующий машино-пишуш бюро,367.0
Старший инспектор,1500.0
Старший специалист,1476.0
Главный консультант по мобилизационной работе,1114.0
Ведущий специалист эксперт,450.0
Инженер по охране труда,122.0
Директор филиала,
Заведующий ветеринарным участком,
Ветеринарный санитар,1027.0
Начальник дезинфекционного отряда,
Руководитель учреждения,732.0
Начальник отдела ветеринарно-санитарной экспертизы,218.0
Лаборант ветеринарной лаборатории,336.0
Начальник отдела ветеринарно-санитарной безопасности,1194.0
Директор районной лаборатории,336.0
Главный ветеринарный врач,354.0
Ветеринарный врач отдела ветеринарно-санитарной безопасности,1194.0
Санитар ветеринарный,1027.0
Начальник отряда,545.0
Дезинфектор,847.0
Заведующий александровского,13.0
Заведующий гуровского вет участка,1625.0
Заведующий ледовского,13.0
Заведующий натальинскогов,13.0
Заведующий мансуровского,13.0
Заведующий пушкинского,13.0
Заведующий кшенского участка,230.0
Санитар натальинского,162.0
Начальник шумаковского лечебно-профилактического отдела,
Начальник дез отряда,545.0
Лаборант отдела ветеринарно-санитарной экспертизы,218.0
Заведующий воробьевским ветеринарным участком,
Уборщик,
Ветеринарный фельдшер чермошнянский участок,42.0
Начальник лечебно-профилактический отдел,650.0
Начальник отдела ветеринрно санитарной экспертизы,218.0
Уборщик производственных помещений,383.0
Начальник эпизоотического отдела,868.0
Ведущий ветеринарый врач,1660.0
Главный ветеринарый врач,1660.0
Заведующий ветучастком,35.0
Заведующий поповкинским ветеринарным участком,58.0
Ведущий ветеринарный врач основное,1660.0
Заведующий фатеевским ветеринарным участком,
Заведующий ново-першинским ветеринарным участком,
Заведующий дерюгинским ветеринарным участком,
Заведующий б-долженковским вет участком,805.0
Заведующий лобазовским ветучастком,35.0
Ветеринарнарный врач,26.0
Заведующая никольским ветучастком,
Заведующий дьяконовским ветучастком,35.0
Заведующий черницынским вет участком,805.0
Главный вет врач,1507.0
Старший инженер по эксплуатации зданий,623.0
Исполняющий обязанности начальника отдела,209.0
Специалист-эксперт,247.0
Временно исполняющий обязанности председателя комитета,497.0
Начальника отдела,
Руководителя учреждения,732.0
Ветеринарный врач-эпизоотолог,354.0
Ведущий программист,1195.0
Водитель автомобиля категория,111.0
Начальник отдела руководитель ил,182.0
Уборщик производственных служебных помещений территорий,793.0
Водитель дук,62.0
Ветиринарный санитар,162.0
Заведующий верхнелюбажского ветучастка,
Заведующий большежировского ветучастка,
Водитель автомобиля дезинфекционного отряда,
Ветеринарный врач отдела ветеринарно-санитарного контроля,799.0
Начальник отдела ветеринарно-санитарного контроля,799.0
Водитель автомобиля большежировского ветеринарного участка,111.0
Заведующий городским ветучастком,35.0
Начальник отдела дезинфекционного отряда,
Начальник ястребовского лечебно-профилактического отдела,
Уборщица производственных помещений,1562.0
Начальник отдела госветбезопасности,182.0
Начальник дезотряда,19.0
Ветеринарный врач-гинеколог,1354.0
Ио руководитель,
Ветеринарный врач терапевт,354.0
Заведующий аптекой,871.0
Старший бухгалтер,61.0
Старший инженер,623.0
Управляющий сельскохозяйственным участком,289.0
Инженер по охране окружающей среды,1182.0
Корреспондент,1057.0
Заместитель главного редактора,1698.0
Оператор электронного набора верстки,121.0
Главный редактор,564.0
Редактор отдела информационного обеспечения выпуска газеты,461.0
Оператор электронного напбора ртски,121.0
Оператор электронного набора рстки,121.0
Редактор сайта,475.0
Специалист по кадрам делопроизводитель,187.0
Редактор отдела,463.0
Водитель по труд договору,388.0
Ответственный редактор,1157.0
Заместитель главного реда,281.0
Редактор информационного обеспечения выпуска газеты,461.0
Оператор,70.0
Временно исполняющая обязанности главного редактора,1415.0
Оператор пэвм,70.0
Корреспондент 1-ой категории,390.0
Корреспондент 2-ой категории,390.0
Заместитель главный редактора,1698.0
Заместитель главного редактора редактор отдела информационного обеспечения выпуска газеты,461.0
Инспектор,1450.0
Директор центра,21.0
Ведущий инспектор,287.0
Техник по эксплуотации оборудования газовых объектов,558.0
Начальник ветеринарно-санитарной экспертизы,218.0
Специалист по кадрам делопроизводству,1638.0
Директор центра занятости населения,1573.0
Оператор электронного набора верстки газеты,121.0
Ведущий инспектор по организации трудоустройства учету незанятого населения,531.0
Инспектор по организации трудоустройства учету незанятого населения,531.0
Ведущий инспектор центра занятости населения,985.0
Инспектор центра занятости населения,985.0
Инспектор по трудоустройству незанятого населения,531.0
Директор центра занятости,21.0
Специалист по кадрам делопроизводтству,187.0
Уборщиик служебных помещений,1371.0
Заместитель главный редактор,564.0
Ведущий инспектор отдела межрайонного кадрового центра занятости населения,
Ведущий инспектор межрайонного кадрового центра занятости населения,
Специалист,123.0
Заместитель начальника межрайонного кадрового центра занятости населения,
Ведущий инспектор межрайонного кадрового центра занятости населения города курска,1092.0
Ведущий инспектор октябрьского отдела межрайонного кадрового центра занятости населения,
Ведущий инспектор кореневского отдела межрайонного кадрового центра занятости населения,
Ведущий инспектор курчатовского отдела межрайонного кадрового центра занятости населения,
Ведущий инспектор конышевского отдела межрайонного кадрового центра занятости населения,
Ведущий инспектор суджанского отдела межрайонного кадрового центра занятости населения,
Начальник отдела межрайонного кадрового центра занятости населения,
Начальник суджанского отдела межрайонного кадрового центра занятости населения,
Ведущий инспектор обоянского отдела межрайонного кадрового центра занятости населения,
Начальник межрайонного кадрового центра занятости населения,
Начальник золотухинского отдела межрайонного кадрового центра занятости населения,
Начальник кореневского отдела межрайонного кадрового центра занятости населения,
Начальник солнцевского отдела межрайонного кадрового центра занятости населения,
Начальник тимского отдела межрайонного кадрового центра занятости населения,308.0
Ведущий инспектор мантуровского отдела межрайонного кадрового центра занятости населения,
Ведущий инспектор касторенского отдела межрайонного кадрового центра занятости населения,
Ведущий инспектор дмитриевского отдела межрайонного кадрового центра занятости населения,
Начальник курчатовского отдела межрайонного кадрового центра занятости населения,
Начальник октябрьского отдела межрайонного кадрового центра занятости населения,
Ведущий инспектор тимского отдела межрайонного кадрового центра занятости населения,308.0
Ведущий инспектор солнцевского отдела межрайонного кадрового центра занятости населения,
Ведущий инспектор хомутовского отдела межрайонного кадрового центра занятости населения,
Ведущий инспектор горшеченского отдела межрайонного кадрового центра занятости населения,
Начальник межрайонного кадрового центра занятости населения города курска,1092.0
Ведущий инспектор поныровского отдела межрайонного кадрового центра занятости населения,
Заместитель директора по организационной работе,1650.0
Начальник дмитриевского отдела межрайонного кадрового центра занятости населения,
Начальник поныровского отдела межрайонного кадрового центра занятости населения,
Начальник хомутовского отдела межрайонного кадрового центра занятости населения,
Ведущий инспектор золотухинского отдела межрайонного кадрового центра занятости населения,
Начальник горшеченского отдела межрайонного кадрового центра занятости населения,
Начальник касторенского отдела межрайонного кадрового центра занятости населения,
Начальник конышевского отдела межрайонного кадрового центра занятости населения,
Начальник мантуровского отдела межрайонного кадрового центра занятости населения,
Начальник обоянского отдела межрайонного кадрового центра занятости населения,
Заместитель начальника межрайонного кадрового центра занятости населения города курска,1092.0
Начальник финансово-бухгалтерского отдела,1695.0
Начальник отдела трудоустройства реализации программ активной политики занятости населения,1210.0
Начальник отдела профессионального обучения профориентации соцадаптации,1155.0
Заместитель директора по информационным системам информационной безопасности,1629.0
Заместитель начальника отдела центра занятости населения,513.0
Начальник отдела центра занятости населения,513.0
Заместитель директора по оказанию услуг сфере занятости,1370.0
Ведущий испектор,912.0
Гланый бухгалтер,61.0
Испектор по кадрам,912.0
Уборщик проиводственных помещений,300.0
Оператор по набору верстке,70.0
Директор оку центра занятости населения,1573.0
Начальник н-гридинского лечебно профилактического отдела,
Медработник,1023.0
Заведующий саморядовским ветучастком,35.0
Заведующая любостанским ветучастком,35.0
Н-гридинский лечебно-профилактический отдел,650.0
Исполняющий обязанности руководителя,1126.0
Заведующий любимовским ветучастком,35.0
Первый заместитель директора,1668.0
Заместитель директора по архитектурно-градостроительной деятельности,37.0
Заместитель директора по юридическим кадровым вопросам,1544.0
Заместитель директора по информационному обеспечению,1629.0
Заместитель директора по предоставлению государственных муниципальных услуг,483.0
Ведущий эксперт дорожного хозяйства,837.0
Эксперт дорожного хозяйства,837.0
Инженер по подготовке производства,27.0
Ведущий специалист по кадрам,187.0
Помощник директора учреждения,1383.0
Заместитель директора учреждения,1588.0
Главный бухгалтер начальник отдела бухгалтерского учета,1238.0
Заместитель директора учреждения по экономике,1588.0
Директор учреждения,732.0
Руководитель секретариата,1120.0
Первый заместитель директора учреждения,1668.0
Заместитель директора учреждения по производству,1588.0
Бухгалтер ведущий,61.0
Ведущий ветеринарный врач бобрышовского вет участка,1660.0
Ведущий специалист по работе молодежью,500.0
Главный специалист по работе молодежью,500.0
Мастер производственного обучения,161.0
Специалист по работе молодежью,500.0
Ведущий специалист по связям общественностью,217.0
Ведущий менеджер,118.0
Швейцар,27.0
Режиссер массовых представлений,1186.0
Оператор дистанционного пульта управления водосброса,70.0
Ведущий гидротехник,386.0
Осмотрщик гидротехнических сооружений,1312.0
Инженер- программист,136.0
Электрогазосварщик,662.0
Моторист-рулевой,651.0
Ветеринарный лаборант,234.0
Заведующий винниковским ветеринарным участком,
Заведующий пашковским ветеринарным участком,
Ветеринарный врач ворошнево,354.0
Ветеринарный фельдщер медведицкой увл,1027.0
Санитар,162.0
Ветеринарный фельдшер курицкого,42.0
Заведующий медведицким ветеринарным участком,
Руководитель учреждения -главный государственный втеринарный инспектор,188.0
Заведующий поселеновским ветеринарным участком,
Ветеринарный фельдшер троицкого,42.0
Главный ветеринарный врач станции-заместитель главного государственного инспектора,1568.0
Ветеринарный врач ворошневского,354.0
Заведующий пронским ветеринарным участком,
Заведуюший участком,917.0
Архивист,471.0
Начальник отдела комплектования обеспечения сохранности документов,126.0
Заведующий архивохранилищ,13.0
Ведущий архивист,471.0
Начальник отдела использования документов справочной работы,698.0
Начальник отдела кадровой правовой мобилизационной работы секретного делопроизводства,1666.0
Начальник отдела бюджетного планирования программного обеспечения,1249.0
Начальник,19.0
Главный архивист,471.0
Оператор электронного цветоделения набора верстки,121.0
Реставратор архивных библиотечных материалов,883.0
Начальник отдела-заведующий архивохранилищем секретных документов,820.0
Ведущий документовед,535.0
Заведующий архивохранилищем,820.0
Главный документовед,535.0
Лифтер,522.0
Заместитель директора по научно-исследовательской работе,
Главный палеограф,537.0
Заведующий филиала,
Ведущий инженер-специалист по охране труда,374.0
Перепл тчик документов,1129.0
Ведущий инженер-электроник,758.0
Ведущий специалист по защите информации,1646.0
Начальник отдела маркетинга,1248.0
Заместитель начальника отдела маркетинга,1248.0
Архивист отдела комплектования обеспечения сохранности документов,126.0
Начальник отдела использования публикации документов,698.0
Ведущий архивист отдела использования публикации документов,698.0
Заведующий архивохранилищем отдела комплектования обеспечения сохранности документов,126.0
Ведущий архивист отдела комплектования обеспечения сохранности документов,126.0
Техническая рабочая,222.0
Технический работник,108.0
Видеооператор,70.0
Фотокорреспондент,1057.0
Ответственный секретарь,930.0
Дизайнер-график,371.0
Режиссер монтажа,373.0
Заместитель главного редактора по коммерческой работе,1698.0
Заведующий отделом главный режиссер,802.0
Редактор-аналитик,353.0
Режиссер,373.0
Шеф-редактор,1572.0
Выпускающий ответственный,1157.0
Главный специалист отделе,211.0
Редактор-консультант,223.0
Телеоператор,
Главный бухгалтер заведующий отделом,1636.0
Шеф-редактор заведующий отделом,1572.0
Заместитель директора по проектной деятельности,1673.0
Заместитель начальника учреждения,914.0
Начальник учреждения,908.0
Старший делопроизводитель,549.0
Начальник организационно-методического отдела -врач-методист,834.0
Заместитель директора по автоматизированным системам телекоммуникациям,618.0
Провизор,715.0
Начальник учебного отдела,1688.0
Врач-статистик,213.0
Фармацевт,132.0
Заместитель начальника оперативно-диспетчерского отдела,1670.0
Рабочий по комплексному обслуживанию ремонту зданий 2-й разряд,1663.0
Заместитель начальника оперативно-диспетчерского отдела врач методист,1670.0
Старшая медицинская сестра,476.0
Начальник оперативно-диспетчерского отдела,1670.0
Заместитель начальника управления организации развития медицинской помощи,154.0
Министр здравоохранения курской области,955.0
Главный консультант управления экономического планирования перспективного развития,1643.0
Начальник управления кадровой политики государственной службы,387.0
Главный консультант отдела мобилизационной готовности гражданской обороны,290.0
Главный консультант управления организации службы детства родовспоможения,1542.0
Заместитель министра здравоохранения,546.0
Главный консультант управления организации развития медицинской помощи,154.0
Начальник отдела моб готовности гражданской обороны,290.0
Референт управления организации лекарственного обеспечения,391.0
Заместитель начальника управления организации лекарственного обеспечения,391.0
Заместитель начальника управления кадровой политики государственной службы,387.0
Главный консультант управления правового обеспечения лицензирования,1651.0
Главный консультант управления кадровой политики государственной службы,387.0
Референт управления экономического планирования перспективного развития,1643.0
Начальник управления организации развития медицинской помощи,154.0
1-й заместитель министра здравоохранения,546.0
Начальник управления организации службы детства родовспоможения,1542.0
Референт управления кадровой политики государственной службы,387.0
Референт управления организационной работы развития информационных технологий,774.0
Референт управления организации развития медицинской помощи,154.0
Заместитель начальника управления экономического планирования перспективного развития,1643.0
Начальник управления экономического планирования перспективного развития,1643.0
Начальник управления организационной работы развития информационных технологий министерства здравоохранения курской области,774.0
Начальник управления правового обеспечения лицензирования,1651.0
Заместитель начальника управления правового обеспечения лицензирования,1651.0
Начальник управления организации лекарственного обеспечения,391.0
Главный консультант управления организации лекарственного обеспечения,391.0
Заместитель начальника управления организации службы детства родовспоможения,1542.0
Референт управления организации службы детства родовспоможения,1542.0
Референт управления делами организационной работы,444.0
Начальник управления кадровой организационной работы лицензирования,854.0
Начальник управления делами организационной работы,444.0
Ведущий эксперт управления организации службы детства родовспоможения,204.0
Главный консультант управления кадровой политики правового обеспечения лицензирования,1651.0
Ведущий консультант отдела мобилизационной готовности гражданской обороны,290.0
Заместитель председателя,1310.0
Эксперт управления экономического планирования перспективного развития,1643.0
Ведущий эксперт управления экономического планирования перспективного развития,1643.0
Заместитель председателя комитета начальник управления цифрового развития информационных технологий,147.0
Референт управления кадровой политики правового обеспечения лицензирования,1651.0
Начальник управления правового обеспечения,1651.0
Ведущий консультант управления экономического планирования перспективного развития,1643.0
Референт управления оганизации службы детства родовспоможения,1542.0
Консультант отдела организации лекарственного обеспечения,170.0
Ведущий эксперт управления правового обеспечения,1651.0
Эксперт управления организационной правовой кадровой работы лицензирования,51.0
Начальник управления кадровой политики правового обеспечения лицензирования,1651.0
Ведущий консультант управления правового обеспечения,1651.0
Главный специалист-эксперт управления экономического планирования перспективного развития,1643.0
Ведущий консультант управления организации лекарственного обеспечения,170.0
Заместитель начальника управления делами организационной работы,444.0
1-й заместитель председателя комитета,581.0
Ведущий консультант отдела организации лекарственного обеспечения,170.0
Ведущий консультант управления организации развития медицинской помощи,154.0
Главный консультант управления организационной правовой кадровой работы лицензирования,51.0
Ведущий эксперт управления организации развития медицинской помощи,154.0
Главный консультант управления кадровой организационной работы лицензирования,854.0
Заместитель председателя начальник управления организации службы детства родовспоможения,1542.0
Заместитель начальника управления организационной правовой кадровой работы лицензирования,51.0
Ведущий эксперт отдела мобилизационной готовности гражданской обороны,290.0
Эксперт отдела мобилизационной готовности гражданской обороны,290.0
Ведущий эксперт управления кадровой организационной работы лицензирования,854.0
Консультант управления организационной правовой кадровой работы лицензирования,51.0
Эксперт управления правового обеспечения,1651.0
Ведущий консультант управления организации службы детства родовспоможения,204.0
Заместитель начальника управления кадровой политики правового обеспечения лицензирования,1651.0
Заместитель председателя-начальник управления организационной правовой кадровой работы лицезирования,51.0
Ведущий эксперт управления организационной правовой кадровой работы лицензирования,51.0
Госинспектор по охране диких животных,241.0
Охотовед поныровского района,
Охотовед курчатовского района,
Охотовед щигровского района,68.0
Охотовед беловского района,
Охотовед глушковского района,68.0
Охотовед суджанского района,
Охотовед советского района,
Охотовед касторенского района,
Охотовед конышовского района,68.0
Охотовед медвенского района,68.0
Охотовед горшеченского района,
Госинспектор по охране диких животных поныровского р-на,241.0
Охотовед обоянского района,
Охотовед солнцевского района,68.0
Охотовед золотухинского района,68.0
Охотовед хомутовского района,68.0
Охотовед черемисиновского района,68.0
Охотовед льговского района,
Охотовед кореневского района,68.0
Охотовед тимского района,
Охотовед,68.0
Охотовед пристенского района,68.0
Охотовед курского района,68.0
Госинспектор по охране диких животных октябрьского р-на,241.0
Охотовед рыльского района,
Охотовед мантуровского района,
Охотовед железногорского района,
Охотовед фатежского района,
Охотовед октябрьского района,68.0
Охотовед дмитриевского района,68.0
Старший корректор,1393.0
Художественный редактор,223.0
Специалист по смм-продвижению,404.0
Руководитель коммерческой службы,
Корректор,1393.0
Редактор отдела экономики,463.0
Редактор отдела социальных проблем,463.0
Специалист по продвижению распространению,404.0
Редактор отдела права,463.0
Заместитель главного редактора по интернет-проектам,1698.0
Начальник отдела контроля качества,922.0
Социальный работник,1076.0
Санитарка,255.0
Заведующая отделением социального обслуживания на дому граждан пожилого возраста инвалидов,171.0
Заведующая отделением временного проживания психоневрологического типа,356.0
Машинист по стирке ремонту спецодежды,309.0
Сестра-хозяйка,184.0
Заведующая отделением организации предоставления социальной помощи социальных услуг гражданам оказавшимся трудной жизненной ситуации,902.0
Специалист по социальной работе,1689.0
Медицинская сестра диетическая,1336.0
Заведующий отделением-врач-психиатр,263.0
Изготовитель пищевых полуфабрикатов,1090.0
Заведующий отделением-врач-терапевт,1671.0
Заведующая складом,703.0
Инструктор производственного обучения рабочих массовых профессий,1044.0
Мойщик посуды,282.0
Врач-терапевт,132.0
Парикмахер,1071.0
Врач-психиатр,263.0
Шеф-повар,94.0
Заведующая отделением,356.0
Заведующий отделением социального обслуживания на дому граждан пожилого возраста инвалидов,171.0
Юристконсульт,584.0
Артист-хора,110.0
Артист симфонического оркестра,199.0
Артист-балета,110.0
Чтец-мастер худ слова,589.0
Дирижер,550.0
Артист-солист-инструменталист,1455.0
Заведующий отдела рекламы маркетинга,1057.0
Главный балетмейстер,1071.0
Артист джаз оркестра,110.0
Артист духового оркестра,199.0
Артист оригинального жанра,110.0
Артист они,110.0
Артист-вокалист,110.0
Заместитель главн бухгалтера,1679.0
Главный дирижер,550.0
Главный художник по свету,1037.0
Лектор-искусст,81.0
Рабочий по компл обслуж ремонту здания,1633.0
Художник фотограф,235.0
Заместитель дир по гастр -конц деят,940.0
Машинист-сцены,615.0
Артист кам -инстр анс,1177.0
Аккомпаниатор-концертм,299.0
Заместитель дир по организации эстр -конц программ,940.0
Начальник цеха,953.0
Заведующий отдела административно-хозяйственной части,1009.0
Заместитель дир по худ-творч деят,940.0
Заведующий худ -пост частью,1217.0
Главный хормейстер,286.0
Менеджер по проектам,118.0
Музыкальный редактор,223.0
Балетмейстер-постановщик,686.0
Репетитор по балету,648.0
Помощник воспитателя,294.0
Социолог,1526.0
Оператор электронно-вычислительных машин,1635.0
Врач-педиатр,112.0
Учитель-дефектолог,195.0
Инструктор по физической культуре,1675.0
Дежурный по режиму,311.0
Музыкальный руководитель,231.0
Медицинская сестра палатная,1119.0
Медицинская сестра-анестезист,101.0
Врач клинической лабораторной диагностики,570.0
Врач функциональной диагностики,72.0
Врач по лечебной физкультуре,916.0
Инструктор по лечебной физкультуре,916.0
Врач-невролог,220.0
Логопед,857.0
Врач-эндокринолог,190.0
Гладильщик,
Младшая медицинская сестра по уходу за больными,605.0
Заведующий отделением врач-инфекционист,1204.0
Врач-инфекционист,46.0
Врач-эпидемиолог,221.0
Медицинский лабораторный техник,1703.0
Акушер,579.0
Медицинский дезинфектор,847.0
Ведущий инженер по организации эксплуатации ремонту зданий сооружений,1633.0
Врач-хирург,
Слесарь по эксплуатации ремонту газового оборудования,1035.0
Врач-дерматовенеролог,185.0
Медицинский статистик,998.0
Оператор электронно-вычислительных вычислительных машин,1635.0
Оператор стиральных машин,1351.0
Врач-стажер,243.0
Оператор электр-вычис вычис машин,22.0
Врач-методист,1040.0
Врач-анестезиолог-реаниматолог,101.0
Врач дерматовенеролог,185.0
Медицинская сестра по массажу,988.0
Начальник отдела анализа данных прогнозирования ведения информационных ресурсов баз данных,1237.0
Ведущий аналитик,353.0
Заведующий отделением-врач-профпатолог,143.0
Врач-профпатолог,143.0
Врач анестезиолог реаниматолог,101.0
Врач-кардиолог,130.0
Машинист насосных установок,1060.0
Начальник отдела мониторинга реализации государственных программ проектов сфере здравоохранения,1602.0
Медицинская сестра по функциональной диагностики,72.0
Операционная медицинская сестра,237.0
Медицинский регистратор,1049.0
Медицинская сестра по физиотерапии,410.0
Заместитель главного врача по хозяйственным вопросам,904.0
Медицинская сестра процедурной,620.0
Провизор-технолог,462.0
Врач ультразвуковой диагностики,113.0
Заместитель заведующего оперативным отделом,1670.0
Ведущий специалист по закупкам,1654.0
Рентгенолаборант,402.0
Начальник отдела по защите информации,1645.0
Заместитель главного врача по развитию информационных технологий,281.0
Врач-челюстно-лицевой хирург,477.0
Врач по рентгенэндоваскулярным диагностике лечению,324.0
Врач-аллерголог-иммунолог,482.0
Заместитель главного врача по организационно-методической работе,281.0
Заведующий отделением-врач по спортивной медицине,647.0
Начальник центра врач-методист,731.0
Врач-оториноларинголог,1197.0
Начальник энергетической службы,
Врач -косметолог,1022.0
Врач оториноларинголог,1197.0
Врач физической реабилитационной медицины,297.0
Врач-ревматолог,1032.0
Медицинская сестра анестезист,1419.0
Врач-сердечно-сосудистый хирург,874.0
Завед отд -врач-рефлексотерапевт,653.0
Врач-акушер-гинеколог,867.0
Врач-стоматолог-терапевт,116.0
Заместитель начальника по информатизации,424.0
Заместитель начальника по медицинской статистике организационно-методической работе,1445.0
Начальник отдела технического сопровождения информационных систем сетевого компьютерного оборудования,200.0
Врач-рентгенолог,103.0
Главный врач бму комитета здравоохранения курской области,955.0
Дежурный оперативный,418.0
Ведущий инженер по пожарной безопасности,319.0
Медицинская сестра перевязочной,20.0
Врач-нейрохирург,1101.0
Старшая операционная медицинская сестра,476.0
Врач-уролог,990.0
Врач-эндоскопист,325.0
Заведующий отделением врач-анестезиолог-реаниматолог,1141.0
Заместитель главного врача по общим вопросам,281.0
Заведующий отделением-врач-дерматовенеролог,185.0
Врач-физиотерапевт,399.0
Врач-офтальмолог,165.0
Медицинская сестра функциональной диагностики,72.0
Оператор хлораторной установки,232.0
Медицинская сестра стерилизационной,620.0
Врач-гастроэнтеролог,109.0
Электромонтер по ремонту обслуживанию электорооборудования,34.0
Начальник центра врач-физиотерапевт,731.0
Заведующий кабинетом-врач -косметолог,1022.0
Начальник инфомационно-аналитического центра,
Заведующий отделом врач клинической лабораторной диагностики,570.0
Врач-фтизиатр,928.0
Кровельщик,249.0
Врач-пульмонолог,515.0
Заведующий отделением -врач физической реабилитационной медицины,297.0
Инженер по защите информации,1694.0
Дежурный бюро пропусков,367.0
Облицовщик плиточник,1280.0
Контент-менеджер,118.0
Заведующий отделом-врач-статистик,213.0
Медицинский психолог,1446.0
Контент-редактор,223.0
Инженер по метрологии,1274.0
Аппаратчик бельевых сушильных установок,495.0
Врач-травматолог-ортопед,52.0
Заведующий отделом-врач-терапевт,1671.0
Начальник регионального сосудистого центра врач-невролог,1369.0
Врач-клинический фармаколог,153.0
Начальник медицинского информационно-аналитического центра,
Начальник отдела материально-технического снабжения организации эксплуатации ремонту зданий тер,1693.0
Врач-бактериолог,378.0
Медицинская сестра по косметологии,1022.0
Заместитель главного врача по кадрам,281.0
Заведующий кабинетом-врач-дерматовенеролог,185.0
Заместитель главного врача по поликлинической работе,197.0
Врач-сурдолог-оториноларинголог,1087.0
Биолог,1510.0
Врач -детский хирург,167.0
Руководитель группы по учету материальных ценностей финансовому учету,1266.0
Заведующий аптекой-провизор,871.0
Заведующий отделением врач-сердечно-сосудистый хирург,874.0
Медицинская сестра приемного отделения,55.0
Врач-колопроктолог,1165.0
Заведующий отделением врач-невролог,1627.0
Врач-токсиколог,484.0
Заведующий отделением врач по коммунальной гигиене,840.0
Заведующий отделением врач приемного отделения,55.0
Руководитель группы по расчетам рабочими служащими,759.0
Врач-гематолог,1227.0
Врач-генетик,1091.0
Заведующий отделением врач функциональной диагностики,72.0
Фасовщик,249.0
Старший кассир,172.0
Заведующий консультацией врач-генетик,1091.0
Заведующий отделением врач-хирург,137.0
Врач-онколог,1136.0
Врач-нефролог,506.0
Врач по коммунальной гигиене,840.0
Заведующий отделением врач-сурдолог-оториноларинголог,1087.0
Заведующий отделением врач-травматолог-ортопед,52.0
Врач-торакальный хирург,936.0
Заведующий отделением врач-ревматолог,1032.0
Врач-лабораторный генетик,1091.0
Заведующий отделением врач-гастроэнтеролог,109.0
Руководитель службы охраны труда,794.0
Врач-трансфузиолог,439.0
Начальник отдела по ремонту обслуживанию медицинского оборудования,152.0
Заведующий отделением врач-эндокринолог,190.0
Заведующий отделением врач по рентгенэндоваскулярным диагностике лечению,324.0
Заведующий отделением врач-кардиолог,130.0
Врач-лаборант,8.0
Заместитель главного врача по экстренной неотложной медицинской помощи,903.0
Заместитель руководителя контрактной службы,701.0
Главная медицинская сестра,620.0
Врач бактериолог,378.0
Заведующий отделением врач-нейрохирург,1101.0
Заведующий отделением врач-аллерголог-иммунолог,482.0
Заведующий отделением врач-нефролог,506.0
Заведующий консультативно-диагностической поликлиникой врач-терапевт,89.0
Приемщик заказов,1275.0
Заведующий оперативным отделом,993.0
Заместитель главного врача по хирургической помощи,1147.0
Начальник отдела станционного оборудования телефонной связи,897.0
Заведующий отделом врач-методист,1671.0
Заведующий прачечной,13.0
Приготовитель стиральных растворов,1351.0
Заместитель заведующего аптекой-провизор,1670.0
Врач приемного отделения врач-специалист,261.0
Заместитель начальника отдела автоматизированных систем управления защиты информации,829.0
Заведующий отделением врач-оториноларинголог,305.0
Заместитель главного врача по экономическим вопросам,377.0
Заведующий отделением врач ультразвуковой диагностики,1250.0
Заведующий отделением врач-рентгенолог,1676.0
Электромеханик по ремонту обслуживанию медицинского оборудования,152.0
Заведующий отделением врач-радиолог,583.0
Заместитель главного врача по терапевтической помощи,281.0
Заведующий отделением врач-эндоскопист,954.0
Медицинский брат анестезист,1419.0
Электромонтер станционного оборудования телефонной связи,897.0
Водитель погрузчика,62.0
Заведующий отделением врач-физиотерапевт,399.0
Агент по снабжению,524.0
Начальник цеха лечебного питания,953.0
Заведующий отделением врач-торакальный хирург,936.0
Врач приемного отделения врач-хирург,261.0
Врач-диетолог,460.0
Ведущий инженер по защите информации,1694.0
Заведующий отделением врач-челюстно-лицевой хирург,477.0
Врач-рефлексотерапевт,1193.0
Начальник отдела платных услуг,182.0
Начальник отдела гражданской обороны чрезвычайных ситуаций,685.0
Учитель дефектолог,195.0
Врач педиатр,112.0
Заведующий отделением врач-гематолог,1227.0
Заведующий отделением врач-пульмонолог,515.0
Старший мастер лифтового участка,306.0
Электромеханик по лифтам,522.0
Контролер качества обработки одежды белья,245.0
Заведующий отделением врач-колопроктолог,1165.0
Заместитель главного врача по клинико-экспертной работе,273.0
Плотник,1200.0
Руководитель контрактной службы,701.0
Начальник планово-экономического отдела,1699.0
Заведующий отд-врач- инфекционист,600.0
Заведующий отделом- медицинский психолог,1446.0
Заведующий отд врач-эпидемиолог,221.0
Помощник врача-эпидемиолога,127.0
Заведующий отделением врач-уролог,178.0
Начальник отдела автоматизированных систем управления защиты информации,829.0
Начальник газовой службы,1545.0
Врач-психиатр-нарколог,362.0
Заместитель главного врача по инфекционной работе,281.0
Заведующий лабораторией врач клинической лабораторной диагностики,1637.0
Начальник отдела разработки внедрения информационных систем,200.0
Врач-гериатр,370.0
Каменщик,249.0
Монтажник каркасно--обшивных конструкций,831.0
Заведующий отделом врач-бактериолог,378.0
Врач-радиолог,583.0
Инструктор по трудовой терапии,1029.0
Экономист по финансовой работе,509.0
Ведущий бухгалтер-ревизор,351.0
Оператор поэтажного эскалатора,70.0
Заместитель главного врача по медицинской части,281.0
Инструктор по гигиеническому воспитанию,33.0
Ведущий специалист по технической поддержке,611.0
Заведующий отделением врач-клинический фармаколог,153.0
Контролер технического состояния автотранспортных средств,1669.0
Медицинская сестра по медицинской реабилитации,297.0
Врач приемного отделения,55.0
Слесарь по контрольно-измерительным приборам автоматике,97.0
Заместитель главного врача по хирургической работе,1147.0
Заместитель начальника отдела гражданской обороны чрезвычайным ситуациям,1479.0
Врач приемного отделения врач-терапевт,261.0
Врач-детский хирург,167.0
Старший провизор,715.0
Ведущий инжерен по ремонту обслуживанию медицинского оборудования,152.0
Заведующий диагн лабораторией- врач клинической лабораторной диагностики,1637.0
Начальник центра -врач физической реабилитационной медицины,297.0
Врач-психотерапевт,580.0
Врач рефлексотерапевт,1193.0
Телефонист,104.0
Руководитель центра врач-специалист,
Комплектовщик белья,532.0
Заведующий кожно-венерологическим диспансером врач-специалист,269.0
Заведующий отделением-врач медицинской помощи,194.0
Инженер-электроник,758.0
Начальник отдела гражданской обороны черезвычайных ситуаций мобилизационной работы,1649.0
Заведующий центром врач-эпидемиолог,221.0
Столяр строительный,198.0
Укладчик-упаковщик,249.0
Заведующий центром врач-дерматовенеролог,185.0
Начальник службы водопроводно-канализационной кондиционирования воздуха отопления,945.0
Врач приемного отделения врач-инфекционист,1452.0
Подготовитель белья для глажения,532.0
Оператор оборудования для утилизации обезвреживания медицинских биологических отходов,533.0
Врач -психиатр,263.0
Врач медицинской помощи,194.0
Секретарь машинистка,376.0
Заведующий отделением врач-приемного отделения-врач-инфекционист,1452.0
Старший врач медицинской помощи,1152.0
Ведущий экономист по финансовой работе,509.0
Врач-стоматолог детский,
Механик гаража,556.0
Штукатур,129.0
Инструктор-методист по лечебной физкультуре,916.0
Заместитель главного врача руководитель регионального сосудистого центра,1369.0
Врач-терапевт участковый,593.0
Врач-педиатр участковый,50.0
Заведующий женской консультацией врач-акушер-гинеколог,205.0
Заведующий отделением врач-терапевт,1671.0
Врач-психиатр детский,1327.0
Заведующий поликлиникой врач-невролог,17.0
Заведующий отделением врач-педиатр,1630.0
Медицинская сестра участковая,593.0
Заведующий отделением врач-патологоанатом,423.0
Врач-патологоанатом,423.0
Инженер -электромеханик,522.0
Заведующий лабораторией врач-бактериолог,1180.0
Заведующий отделением врач-нейрохируг,1627.0
Акушерка,631.0
Начальник кислородной службы,
Зубной врач,769.0
Заведующий кабинетом статистики врач-статистик,1659.0
Заведующий кабинетом врач функциональной диагностики,72.0
Заведующий отделением медицинской профилактики врач-терапевт,569.0
Заместитель главного врача по лечебной работе,281.0
Техник по метрологии,394.0
Врач-детский уролог-андролог,95.0
Медицинская сестра по физиотерапии озокерито- грязе-терапия,410.0
Врач-детский эндокринолог,266.0
Специалист по технической защите информации,1646.0
Специалист гражданской обороны,1672.0
Заведующий детской поликлиникой врач-педиатр,1630.0
Заведующий отделением врач-стоматолог-терапевт,116.0
Электромонтер связи,1128.0
Врач-стоматолог-хирург,77.0
Заведующий хирургическим отделением-врач-стоматолог-хирург,64.0
Врач-стоматолог,196.0
Зубной техник,408.0
Заведующий организационно-методическим кабинетом-врач-методист,421.0
Врач-ортодонт,817.0
Старший зубной техник,408.0
Заведующий ортодонтическим отделением-врач-ортодонт,817.0
Заведующий терапевтическим отделением-врач-стоматолог детский,128.0
Заведующий лечебно-профилактического отделения-врач-стоматолог детский,
Медицинская сестра стеризационной,620.0
Гигиенист стоматологический,196.0
Служебная,454.0
Служебная должность,454.0
Рабочий по комплексному обслуживанию зданий сооружений,1663.0
Заместитель директора по медицинской статистике,1575.0
Заместитель директора по информационно-аналитической работе,
Техник по защите информации,822.0
Заместитель директора по информационным технологиям,1629.0
Главный специалист по защите информации,1646.0
Врач детский эндокринолог,266.0
Врач детский хирург,167.0
Врач -анестезиолог- реаниматолог,101.0
Врач приемного отделения-врач-педиатр,261.0
Врач неонатолог,106.0
Заведующий отделением-врач-физиотерапевт,399.0
Медицинская сестра -анестезист,620.0
Грузчик,651.0
Начальник отдела-программист,182.0
Врач детский кардиолог,785.0
Начальник отдела гражданской обороны чрезвычайных ситуаций мобилизационной работы,1649.0
Заведующий травматологическим пунктом-врач-травматолог-ортопед,52.0
Медицинская сестра эндоскопического кабинета,59.0
Заведующий отделением-врач-педиатр,1630.0
Заведующий лабораторией-врач клинической лабораторной диагностики,1637.0
Заведующий отделением-врач-рентгенолог,1676.0
Заведующий отделением-врач ультразвуковой диагностики,1250.0
Заведующий отделением-врач функциональной диагностики,72.0
Заведующий отделением-врач-аллерголог-иммунолог,482.0
Заведующий отделением-врач-пульмонолог,515.0
Заведующий отделением-врач-нефролог,506.0
Заместитель главного врача по работе детского консультативно-диагностического центра,281.0
Заведующий отделением-врач-невролог,1627.0
Инстуктор по лечебной физкультуре,916.0
Медицинский брат по массажу,988.0
Заведующий отделением травматологии ортопедии-врач-травматолог-ортопед,52.0
Заведующий отделением врач- детский хирург,167.0
Заведующий хирургическим отделеним-врач-детский хирург,167.0
Врач детский уролог-андролог,95.0
Врач физиотерапевт,399.0
Заместитель главного врача по хирургии,281.0
Врач- невролог,220.0
Врач- травматолог- ортопед,52.0
Заведующий отделением патологии новорожденных недоношенных детей-врач-неонатолог,1255.0
Оператор электронно вычислительных вычислительных машин,1635.0
Заведующий отделением -врач анестезиолог-реаниматолог,1141.0
Врач-детский кардиолог,785.0
Рентгенолаборант без доп тарифа,1496.0
Врач по паллиативной медицинской помощи,835.0
Специалист сфере закупок,1654.0
Главный тренер,169.0
Специалист по финансовому консультированию,1502.0
Аналитик,353.0
Преподаватель хореографии,490.0
Преподаватель по классу фортепиано,1634.0
Заместитель главыного редактора,1698.0
Лесовод,535.0
Водитель по участку,577.0
Слесарь-электрик,690.0
Мастер уч-ка,406.0
Водитель участку,577.0
Мастер цеха,40.0
Начальник курского уч-ка,406.0
Юрист консульт,467.0
Начальник уч-ка,406.0
Рамщик рам,877.0
Вальщик леса,1280.0
Водитель пожарной машины,1232.0
Боец пожарной машины,1232.0
Пожарный сторож,1099.0
Заместитель главный бухгалт,1698.0
Мастер участка,230.0
Заместитель председателя правительства курской области министр природных ресурсов курской области,141.0
Заместитель председателя правительства курской области министр,141.0
Начальник отдела главный бухгалтер,88.0
Главный государственный охотничий инспектор,188.0
Врач приемного отделения-врач-фтизиатр,261.0
Начальник транспортного отдела,
Врач-фтизиатр участковый,155.0
Заведующий отделением врач-фтизиатр,928.0
Медицинская сестра-анастезист,620.0
Врач анестезиолог-реаниматолог,101.0
Ведущий бухгалтер по расчетам рабочими служащими,759.0
Ведущий бухгалтер по учету материальных ценностей,1266.0
Ведущий бухгалтер по финансовому учету,1683.0
Начальник отдела информатизации информационной безопасности,1645.0
Заведующий лабораторией-врач-бактериолог,1180.0
Заведующий кабинетом врач-фтизиатр,928.0
Заведующий кабинетом- врач функциональной диагностики,72.0
Заведующий отделом-врач-методист,1671.0
Заведующий кабинетом врач-трансфузиолог,439.0
Заведующий кабинетом врач-эндоскопист,59.0
Начальник энергетического отдела,868.0
Заместитель главного врача по гражданской обороне мобилизационной работе,1229.0
Медицинская сестра медико-социальной помощи,620.0
Ведущий инженер по метрологии,1274.0
Помощник врача- эпидемиолога,127.0
Сестра-хозяйка без доп тарифа,1496.0
Ведущий бухгалтер по учету калькуляции продуктов питания,96.0
Заместитель главного врача по медицинской помощи амбулаторных условиях,281.0
Продавец продовольственных товаров,1169.0
Медицинский брат участковый,1119.0
Начальник информационно-аналитического отдела,
Заведующая кабинетом врач-терапевт,855.0
Заведующий отделением -врач по лечебной физкультуре,1047.0
Заведующий терапевтическим отделением- врач-терапевт,128.0
Заместитель главного врача по клинико экспертной работе,273.0
Начальник штаба гражданской обороны чрезвычайных ситуаций,685.0
Заведующий отделением медицинской профилактики врач терапевт,569.0
Заведующий выездной патронажной службой паллиативной медицинской помощи-врач по паллиативной медицинской помощи,835.0
Заведующий кабинетом врача-невролога-врач-невролог,1072.0
Заведующая дневным стационаром- врач терапевт,328.0
Заведующая отделением врач по лечебной физкультуре,1047.0
Заведующий рентгенологическим отделением-врач-рентгенолог,1676.0
Врач функциональной диагностики отделение функциональной диагностики,72.0
Заведующий клинико-диагностической лабораторией-врач клинической лабораторной диагностики,1637.0
Заведующий офтальмологическим кабинетом-врач -офтальмолог,1226.0
Заведующий хирургическим отделением-врач-хирург,64.0
Врач-терапевт каб мед профилактики,1491.0
Врач-рентгенолог внешний,103.0
Заведующий отделением ортопедической стоматологии врач-стоматолог-ортопед,422.0
Заведующий выездной патронажной службы,1377.0
Заведующий стоматологическим отделением врач-стоматолог-терапевт,250.0
Заведующий отделением рентгенодиагностики-врач-ренгенолог,1676.0
Заведующий отделом врач судебно медицинский эксперт,778.0
Заместитель начальника по экспертной работе,273.0
Врач судебно-медицинский эксперт,778.0
Ведущий бухгалтер по финансовой работе,1683.0
Ведущий экномист по финансовой работе,1683.0
Заместитель начальника по экономической работе,424.0
Врач методист,1040.0
Начальник обуз,19.0
Заместитель начальника по хозяйственным вопросам,904.0
Врач патологоанатом,423.0
Врач стажер,243.0
Химик-эксперт медицинской организации,1245.0
Специалист по гражданской обороне,1672.0
Врач рентгенолог,103.0
Санитар по приему трупов морг,669.0
Санитар по приему трупов морг ночное время,669.0
Оператор электронно- вычислительных вычислительных машин,1635.0
Врач-стоматолог-ортопед,422.0
Заведующий фельдшерско-акушерским пунктом фельдшер,228.0
Заведующая поповкинским фельдшерско-акушерский пункт-фельдшер,9.0
Заведующая фельдшерско-акушерским пунктом медицинская сестра,228.0
Медицинская сестра по профилактике,1674.0
Заведующий терапевтическим отделением врач-терапевт,128.0
Врач педиатр кабинета здорового ребенка,135.0
Врач фунциональной диагностики,113.0
Диспетчер гаража,556.0
Заведующая фельдшерско-акушерский пункт акушерка,574.0
Врач по медицинской профилактике,1674.0
Системный администратор информационно-коммуникальных систем,314.0
Врач-психиатр участковый,972.0
Заведующий отделением паллиативной медицинской помощи взрослым-врач по паллиативной медицинской помощи,45.0
Начальник планово -экономического отдела,1699.0
Медицинский психолог к-та медицинской профилактики,1173.0
Заведующая фатеевским фельдшерско-акушерский пункт-фельдшер,9.0
Врач-травмотолог-ортопед,742.0
Врач-педиатр к-та неотложной медицинской помощи,903.0
Медицинская сестра по трансфузиологии,439.0
Старший фельдшер медицинской помощи,476.0
Заведующий поликлиникой,89.0
Медицинская сестра по приему вызовов медицинской помощи передаче их выездным бригадам медицинской помощи,620.0
Медицинская сестра процедурного кабинета,237.0
Заведующий клинико-диагностической лабораторией врач клинической лабораторной диагностики,1637.0
Фельдшер медицинской помощи,476.0
Заведующая фельдшерско-акушерский пункт медицинская сестра,1103.0
Заведующий отделением врач-стоматолог,1627.0
Системный администратор информационно-коммуникационных систем,314.0
Фельдшер-лаборант,201.0
Медицинская сестра к-та паллиативной мед помощи взрослым поликлиники,45.0
Заведующий детской поликлиникой-врач- педиатр,1630.0
Врач по паллиативной медицинской помощи к-та паллиативной медицинской помощи взрослым поликлиники,45.0
Врач онколог,1136.0
Заведующий детской поликлиникой -врач-педиатр,1630.0
Заместитель главного врача по кэр,49.0
Врач- педиатр кабинета здорового ребенка,135.0
Кухонный работник,276.0
Инженер-программист по технической защите информации,1646.0
Медицинская сестра по функциональной диагностике,72.0
Рабочий по комплексному обслуживанию ремонту зданий сооружений,1663.0
Врач здравпункта,1036.0
Медицинский брат палатный,1119.0
Заведующий отделением-врач по медицинской профилактике,1674.0
Заведующий амбулаторным отделением-врач физиотерапевт,1053.0
Врач мануальной терапии,1029.0
Заведующий отделением-врач-кардиолог,130.0
Заместитель главного врача по амбулаторно-поликлинической работе,197.0
Медицинская сестра кабинета инфекционных заболеваний,1515.0
Заведующий отделением-врач-оториноларинголог,305.0
Заведующий кабинетом-врач-невролог,220.0
Заведующий отделением-врач-ренгенолог,1676.0
Заведующий информационно-аналитическим отделением-врач-статистик,213.0
Рентгенолаборант флюорографического кабинета,402.0
Заведующий отделением-врач-хирург,137.0
Заведующий кабинетом-врач-офтальмолог,165.0
Начальник информационного отдела,1207.0
Санитарка операционная,554.0
Медицинская сестра каб-та онколог,1578.0
Заведующий центром врач лечебной физкультуры,1047.0
Заведующий отделением врач офтальмолог,165.0
Врач -трансфузиолог,439.0
Заместитель главного врача по оргметодработе,281.0
Санитарка перевязочного кабинета,20.0
Повар пищеблок,267.0
Сестра хозяйка,184.0
Врач психотерапевт,580.0
Начальник отдела автоматизированой системы управления,1708.0
Медицинская сестра кабинета врача-уролога,682.0
Заведующий терапевт отд врач-терапевт,132.0
Участковая медицинская сестра терапевтического отд пол-ки,907.0
Бухгалтер по расчетам,1251.0
Заместитель главного врача,281.0
Санитарка уборщица палатная,168.0
Заместитель главного врача по мед части,1208.0
Медсеста экг,723.0
Специалист отдел кадров,1667.0
Медицинская сестра процедурная,620.0
Врач r-отделение,1399.0
Младший медицинский брат по уходу за больными,1584.0
Медицинская сестра кабинета врача-хирурга,237.0
Врач-диабетолог,26.0
Медицинский брат стерилизационной,1119.0
Врач отоларинголог,644.0
Инженер по строительству ахо,1041.0
Медрегистратор,1049.0
Санитарка-уборщица,1289.0
Санитарка буфетчица,257.0
Врач узд,1691.0
Рентгенлаборант фрюорографического кабинета,826.0
Медицинская сестра прививочного к-та,620.0
Инженер по строительству,1041.0
Заведующий кабинетом врач терапевт,959.0
Фельдшер здравпункта,1036.0
Врач экг,1691.0
Медбрат по массажу,988.0
Санитарка уборщица,1289.0
Участковая медицинская сестра,907.0
Заведующий отделением врач рентгенолог,1676.0
Слесарь,12.0
Инженер по технике безопасности,538.0
Операционный медицинский брат,1119.0
Медицинский регистратор справочного бюро,1049.0
Лаборант r-отделения,1553.0
Рентген-лаборант,337.0
Медсеста прием отд,723.0
Медбрат,1533.0
Кухонный,276.0
Врач акушер-гинеколог,867.0
Слесарь кипа,1098.0
Медицинский брат перевязочной,1119.0
Медицинский брат приемного отделения,1119.0
Врач травматолог,52.0
Врач по медицинской реабилитации,297.0
Участковый врач-терапевт,907.0
Заведующий диагностическим отделением- врач ультразвуковой диагностики,1250.0
Провизор-технолог по информационной работе,462.0
Врач-отоларинголог,644.0
Слесарь по обслуживанию тепловых тепловых пунктов,987.0
Инженер по организации эксплуатации ремонту зданий сооружений,1633.0
Врач-невролог по оказанию экстренной помощи,989.0
Медицинская сестра стерелизационной,620.0
Медицинский брат-анестезист,1419.0
Рентген-лаборант r-отделения,337.0
Специалист отдела кадров,1151.0
Рабочий по обслуживанию кортов,41.0
Мед психолог,1118.0
Рабочийпокомплексобслужремонту,1619.0
Медицинская сестра масс,620.0
Заведующий орг методотделом,1059.0
Медицинская сестра проц,620.0
Старший медицинская сестра,476.0
Врач невролог,220.0
Медицинская сестра экг,620.0
Химикэксперт,1245.0
Инженерпрограммист,136.0
Врачклиничлабдиагностики,657.0
Старший специалист по кадрам,1476.0
Заместитель главный врача по медицинскому обслуживанию населения,304.0
Заместитель по кэр,49.0
Заведующий отделением-врач-псих нарк,1627.0
Врачметодист,1040.0
Врач терапевт,132.0
Помощник эпидемиолога,127.0
Фельдшер-лабора,163.0
Фельдшер-нарколог,163.0
Начальник хо,19.0
Врач анес реани,26.0
Заместитель главный врача,304.0
Заведующий физиокабинетом,13.0
Медицинская сестра физио,410.0
Заведующий лабораторией клин,575.0
Врач лаборант,8.0
Врач узи,1691.0
Специалист по оране труда,668.0
Главный медицинская сестра,1507.0
Уборщик служ помещ,427.0
Медстатистик,213.0
Специалист по соцработе,123.0
Млад медицинская сестра по уходу за больными,605.0
Уборщик служ помещений,654.0
Заведующий ортодонтическим кабинетом врач-ортодонт,817.0
Литейщик,249.0
Начальник отдела го чс мр,1647.0
Заведующий зуботехнической лабораторией,575.0
Заместитель главного врача по административно-хозяйственной работе,
Переплетчица,872.0
Техник-электрик,82.0
Специалист мсго,123.0
Бухгалтер по ос учету мз,61.0
Медицинская сестра ортопед отд,1348.0
Заведующий производством,227.0
Оператор вакуумно-напылительной установки,232.0
Заместитель главный бухгалтера по нал стат учету,1679.0
Заместитель главный врача по моб работе,93.0
Рабочий по комплексному обслуж зданий,1663.0
Главный программист,104.0
Начальник отдела по моб работе гражд обороне,1366.0
Инженер по го заместитель главный врача по моб работе то,93.0
Бухгалтер по финансовому учету,1683.0
Контролер мзп,1105.0
Санитарка ортопед отд,1271.0
Рентген-лаборант-пен,337.0
Врач-стоматолог-ортодонт,196.0
Заведующий терапевтическим отделением-врач-терапевт,128.0
Специалист по сопровождению программного обеспечения,1551.0
Врач терапевт участковый,593.0
Заведующая фельдшерско-акушерский пункт -фельдшер,9.0
Санитарка терапевтического отделения,142.0
Медицинская сестра участковая кабинета врача-терапевта участкового,593.0
Медицинская сестра стоматологического кабинета,620.0
Медицинская сестра палатная хирургического отделения,237.0
Медицинская сестра кабинета медицинской профилактики,1515.0
Врач -акушер гинеколог,867.0
Заведующая фельдшерско-акушерский пункт-акушерка,574.0
Оператор электронно -вычислительных вычислительных машин,1635.0
Медицинская сестра палатная терапевтического отделения,142.0
Старшая медицинская сестра терапевтического отделения,142.0
Санитарка клинической лаборатории,434.0
Старшая медицинская сестра поликлиники,197.0
Заведующий хирургическим дневным стационаром-врач-хирург,1198.0
Врач -рентгенолог,103.0
Медицинская сестра кабинета врача- невролога,1072.0
Медицинская сестра кабинета врача психиатра-нарколога,362.0
Медицинская сестра кбинета врача-хирурга,237.0
Медицинская сестра кабинета врача-фтизиатра участкового,155.0
Медицинская сестра участковая кабинета врача -педиатра участкового,50.0
Фельдшер фельдшерско-акушерский пункт,186.0
Оператор газовой котельной,
Санитарка хирургического отделения,237.0
Заведующий участковой больницей врач-терапевт ястр бол,1149.0
Медицинская сестра кабинета врача-оториноларинголога,1246.0
Врач офтальмолог,165.0
Врач- стоматолог-хирург,77.0
Врач хирург,
Помощник врача -эпидемиолога,127.0
Санитарка баклаборатории,255.0
Сестра фельдшерско-акушерский пункт,186.0
Санитарка педиатрического гинекологического отделений,1538.0
Медицинская сестра палатная отделения паллиативной медицинской помощи,835.0
Санитарка помощи,255.0
Медицинская сестра по приему вызовов ссмп передаче ихвыездным бригадам медицинской помощи,620.0
Санитарка фельдшерско-акушерский пункт,186.0
Медицинская сестра кабинета мед профилактики,1515.0
Медицинская сестра кабинета врача офтальмолога,1226.0
Начальник гражданской обороны чрезвычайных ситуаций мобилизационной работы,1649.0
Медицинская сестра кабинета врача-травматолога-ортопеда,52.0
Исполняющий обязанности главного врача,1126.0
Водитель медицинской помощи,1325.0
Врач терапевт-подростковый,363.0
Х-ка,851.0
Медицинская сестра кабинета врача-эндоскописта,59.0
Врач- анестезиолог-реаниматолог,101.0
Медицинская сестра палатная педиатрического гинекологического отделения,1538.0
Врач -терапевт,132.0
Специалист по гражданской обороне чрезвычайной ситуации мобилизационоой работе,1672.0
Заведующий хирургургическим отделением-врач-хирург,137.0
Фельдшер по приему вызовов ссмп передаче ихвыездным бригадам медицинской помощи помощь омс мантурово,
Медицинская сестра кабинета врача-онколога,499.0
Врач- эндоскопист,325.0
Медицинская сестра кабинета врача -психиатра участкового,972.0
Заведующий поликлиникой- врач-терапевт,89.0
Санитарка поликлиники,255.0
Медицинская сестра кабинета врача-дермовенеролога,185.0
Санитарка рентгенологического кабинета,20.0
Штукатур-маляр,129.0
Медицинская сестра медицинской помощи,1152.0
Заведующий врачебной амбулаторией-врач-терапевт,458.0
-ка поликлиники,851.0
Оператор газовой котельной жен,
Старшая медицинская сестра хирургического отделения,237.0
Социальный работник отделения социального обслуживания,1076.0
Заведующая отделением срочной помощи,
Заведующая отделением социально обслуживания отделение социального обслуживания,504.0
Заведующая отделением социально обслуживания на дому,504.0
Заведующая отделением социального обслуживания на дому,664.0
Заведующая отделением организации предоставления социальной помощи социальных услуг,902.0
Заведующая организационно методическим отделеним,
Специалист отделения срочной помощи,
Оператор копировальных множительных машин,22.0
Заместитель директора по мед части,31.0
Пожарный,1099.0
Младшая медицинская сестра,36.0
Официант,765.0
Секретарь-машинистка,376.0
Слесарь-электрик по ремонту оборудования,1639.0
Электромонтер по рем обслуж эл оборуд,762.0
Заведующий мед отделением,884.0
Медицинская сестра физио каб,1171.0
Изгот пищевых полуфабрикатов,1090.0
Санитарка-ванщица,627.0
Санитарка-ваннщица,255.0
Санитарка-палатная,729.0
Врач-окулист,303.0
Санитарка-буфетчица,257.0
Медицинская сестра постовая,620.0
Заместитель директора административно-хозяйственной работе,1628.0
Заведующий отделением-врач терапевт невролог,1671.0
Официантка,257.0
Специалист по реабилитации инвалидов,1109.0
Заведуюший складом,703.0
Ведущий юристконсульт,584.0
Дефектолог,1526.0
Заместитель директора по комплексной реабилитации инвалидов,1109.0
Врач мануальный терапевт,132.0
Инструктор по труду,33.0
Врач лечебной физкультуре,916.0
Врач ортопед,1348.0
Заведующий отд -врач психотерапевт,580.0
Помощник по уходу,1468.0
Ведущий электроник,898.0
Заместитель начальника отдела социальной помощи отдельным категориям граждан,498.0
Заместитель начальника отдела субсидий по оплате жку,1012.0
Заместитель начальника отдела по выплате пособий на детей,591.0
Начальник отдела информационного взаимодействия гражданами,1061.0
Заместитель начальника отдела по областному материнскому капиталу,709.0
Заместитель начальника отдела социальных выплат,678.0
Начальник отдела по областному материнскому капиталу,709.0
Начальник отдела субсидий по жку,1012.0
Заместитель начальника по правовым вопросам,1681.0
Начальник отдела по выплате пособий на детей,591.0
Начальник отдела компенсационных выплат,182.0
Начальник отдела автоматизации,1708.0
Заместитель начальника по социальным вопросам,994.0
Заместитель начальника отдела автоматизации,1708.0
Заместитель начальника отдела планово-экономической работы,1699.0
Начальник отдела социальных выплат,678.0
Начальник отдела правовой кадровой организационной работы,1666.0
Начальник отдела социальной помощи отдельным категориям граждан,498.0
Первый заместитель начальника,1668.0
Начальник отдела планово-экономической работы,1699.0
Заместитель начальника отдела правовой кадровой организационной работы,1666.0
Начальник отдела по выплате пособий на первого ребенка,1286.0
Заместитель начальника отдела по выплате пособий на первого ребенка,1286.0
Техник -й категории,394.0
Санитарка палатная,729.0
Подсобный рабочий на кухне,1389.0
Заместитель директора по организационно-просветительской работе,1650.0
Заместитель директора по учебно-методической работе,
Настройщик язычковых инструментов,683.0
Заведующая отделением дневного пребывания,590.0
Заведующая отделением срочного социального обслуживания,
Главного специалиста бухгалтера основной отдел,1324.0
Специалист 1-ого разряда по вопросам опеки попечительства,1281.0
Заместитель директора образовательного учреждения,1167.0
Учитель,39.0
Кочегар,412.0
Водитель автобуса,628.0
Техник кипиа,1301.0
Советник директора,1065.0
Классное руководство,519.0
Педагог доп образования,320.0
Электромонтер по ремонту,34.0
Завуч,30.0
Водитель-автобуса,628.0
Слесарь-автомеханик,12.0
Воспитатель сопровождающий,700.0
Учитель-логопед,54.0
Мастер производ обучения,306.0
Вожатая,634.0
Заместитель директора по хоз части,396.0
Заместитель директора по безопасности,1684.0
Инженер по ремонту,1148.0
Младший воспитатель,254.0
Рабочий по стирке белья,1657.0
Заведующий,13.0
Заместитель заведующего по воспитательной работе,1400.0
Заведующий отделом- врач -методист,1671.0
Руководитель регионального центра организации первичной медико-санитарной помощи- врач-методист,1355.0
Заместитель главного врача по профилактике,281.0
Заместитель главного врача по омр,281.0
Заведующий отделением лечебной физкультуре см,1047.0
Врач-травматолог ортопед,52.0
Вожатый,572.0
Старший вожатый,435.0
Пед доп образ,207.0
Методис,57.0
Руководитель-ль физ-го воспитания,687.0
Машинист по ремонту стирке спецодежды белья,309.0
Уборщик производственных технических помещений,383.0
Старшая пионервожатая,756.0
Рабочий по текущему ремонту зданий сооружений,1633.0
Инженер по обслуживанию ремонту эвт,921.0
Старший преподаватель,139.0
Директор умц,24.0
Помощник повара,146.0
Кух рабочая,553.0
Куханный работник,108.0
Электоромонт,547.0
Оператор газовой колтельной,
Заместитель директора по хоз раб безопасности,37.0
Сопровождающий,700.0
Раб стирка белья,532.0
Воспитатель гпд,43.0
Секретарь по учебной части,464.0
Педагог библиотекарь,166.0
Заместитель директора по вр,
Заведующая библиотекой,
Преподаватель -организатор основам безопасности жизнедеятельности,1641.0
Советник директора по воспитанию взаимодействию детскими общественными обьединениями,1632.0
Педагог-библиотекарь,166.0
Старшая вожатая,670.0
Заместитель директора по безопасности хр,1684.0
Заместитель директор по вр,1505.0
Учитель логопед,54.0
Кухоный работник,108.0
Заместитель заведующей по административно-хозяйственной части,1009.0
Заместитель заведующего по вр,1670.0
Муз руководитель,540.0
Заведующей,1592.0
Рабочий по обслуживании зданий,1633.0
Рабочий по ремонту обслуживанию зданий,1633.0
Электромантер по ремонту обслуживанию электрооборудования,1144.0
Заместитель заведующей по хч,1592.0
Заместитель заведующей по учебно-воспитательной работе,181.0
Сторож-охранник,980.0
Логопед-учитель,857.0
Учитель начальник кл,828.0
Учитель основам безопасности жизнедеятельности,749.0
Пдо,74.0
Педагог доп образ,207.0
Учитель информатика,436.0
Тех служащий,481.0
Учитель замещение,39.0
Учитель старший кл,1164.0
Заместитель главы,76.0
Начальник вус,996.0
Глава сельсовета,14.0
Электромантер по ремонту обсл электрооборуд,803.0
Тренер преподаватель,301.0
Заместитель директора по смр,37.0
Заместитель директора по увч,37.0
Ведущий специалист го,
Заместитель начальника центра,18.0
Специалист го,
Заместитель начальника центра начальник отдела,18.0
Старший диспетчер,1471.0
Заместитель начальника оку,424.0
Начальник центра,731.0
Начальник отделения,1387.0
Начальник химико-радиометрической лаборатории,336.0
Начальник гзпу,19.0
Заместитель начальника группы,424.0
Начальник подразделения,1111.0
Заведующий отделением врач-онколог,499.0
Врач-радиотерапевт,775.0
Медицинский физик,159.0
Мастер зеленого хозяйства,736.0
Врач детский онколог,167.0
Врач кардиолог,130.0
Оператор оборудования медицинских отходов,533.0
Врач эндоскопист,325.0
Специалист по внедрению сопровождению информационных систем сфере здравоохранения связанных сорганизацией оказанием медицинской помощи,200.0
Слесарь по ремонту вентиляции кондиционирования,760.0
Заведующий отдением-врач-радиолог,583.0
Заведующий отделением врач эндоскопист,954.0
Электросварщик,976.0
Медицинский брат процедурной,1119.0
Заведующий лабораторией врач бактериолог,1180.0
Техник-электроник,898.0
Врач-пластический хирург,1234.0
Врач статистик,213.0
Заведующий центром-врач-онколог,1136.0
Водитель транспортно-уборочной машины,596.0
Заведующий центром врач ультразвуковой диагностики,113.0
Заведующий отделением-врач-радиотерапевт,775.0
Врач-специалист по клинико-экспертной работе,273.0
Газосварщик,1545.0
Начальник штаба гражданской обороны чрезвычайных ситуаций мобилизационной работе,685.0
Заведующий лабораторией-биолог,575.0
Заведующий центром-врач-анестезиолог-реаниматолог,101.0
Заведующий организационно-методическим кабинетом,421.0
Врач диетолог,460.0
Заведующий отделом-врач-специалист,1671.0
Заведующий центром-врач клинической лабораторной диагностики,570.0
Экономист по платным услугам,1273.0
Инженер по автоматизированным системам управления производством,618.0
Машинист компрессорных установок,517.0
Техник дозиметрист,394.0
Заместитель главного врача по амбулаторно-поликлинической помощи,197.0
Главный научный сотрудник-артист камерного оркестра,85.0
Младший научный сотрудник артист камерного оркестра,85.0
Ведущий научный сотрудник-артист камерного оркестра,85.0
Концертмейстер камерного оркестра,943.0
Научный сотрудник артист камерного оркестра,85.0
Администратор камерного оркестра,718.0
Главный администратор камерного оркестра,718.0
Ассистент главного дирижера камерного оркестра,718.0
Артист камерного оркестра,85.0
Заместитель директора по финансово-экономическим вопросам,1330.0
Главный концертмейстер камерного оркестра,943.0
Кухонная рабочая,222.0
Инструктор по физо,229.0
Рабочий по стирке ремонту белья,1657.0
Уборщик служебных производственных помещений,1054.0
Рабочий по ремонту стирке белья,1657.0
Рабочий по комплексному обслуживанию,1663.0
Музыкальный руководитель логопедической группы,231.0
Учитель логопед высшее кат,54.0
Музыкальный руководитель категор,231.0
Музыкальный руководитель кат логопедическая группа,1358.0
Рабочая по стирке ремонту белья,975.0
Воспитатель логопедической горуппы,754.0
Помощник воспитателя логопедической группы,294.0
Воспитатель логопедической группы,754.0
Инструктор по физо логопедическая группа,229.0
Воспитатель компенсирующей группы,43.0
Инструктор физо,229.0
Заместитель заведующего по хозяйственной работе,1201.0
Инструктор физо компенсирущей группе,229.0
Педагог-психолог компенс группы,92.0
Музыкальный руководитель компенсир группы,231.0
Истопники,689.0
Инспектор кадров,368.0
Заведующая хозяйством,366.0
Сурдопереводчик,1087.0
Заместитель директора по социальной работе,
Сантехник,939.0
Сестра мед,884.0
Культ организатор,1623.0
Заместитель директора по административно хозяйственной части,1628.0
Уборщица производственных служебных помещений,1562.0
Заведующий социально-медицинским отделением врач-терапевт,1440.0
Шеф повар,94.0
Заведующий отделением интенсивного ухода для граждан страдающих психическими растройствами,1636.0
Врач психиатр,263.0
Заведующий социально-реабилитационным отделением,1440.0
Машинист по ремонту стирке специалист одежды,770.0
Нчальник управления,1554.0
Врио председателя комитета,581.0
Врио заместителя председателя,1405.0
Первый заместитель председателя,1310.0
Главный специал -эксперт,537.0
Диетсестра,1336.0
Врач-невропатолог,321.0
Врач педиатр участковый,50.0
Оператор эввм,70.0
Заведующий отделением врач педиатр,1630.0
Врач гастроэнтеролог,109.0
Начальник информационно-аналитического отделения,
Врач травматолог-ортопед,52.0
Врач психиатр детский,1327.0
Врач эпидемиолог,221.0
Врач детский уролог андролог,95.0
Специалист по го чс мобилизационной работе,1474.0
Заведующий фельдшерско-акушерский пункт медицинская сестра,1103.0
Заведующий фельдшерско-акушерский пункт фельдшер,9.0
Оператор электронно-вычислительных машин регистратуры,1635.0
Врач дежур по б-це,1309.0
Врач психиатр-нарколог,362.0
Врач психиатр -участковый,972.0
Врач экстренный невролог,617.0
Врач акуш гинек по оказ экстр помощник,1262.0
Врач неролог пал помощник пол,1549.0
Врач невролог детского неврологического кабинета,220.0
Врач хирург травматолог,
Секретарь-руководителя,725.0
Заведующий отделением врач терапевт,1671.0
Врач- терапевт участковый,593.0
Медицинский лаборатный техник,159.0
Лаборант по оказанию экс помощник,234.0
Медицинский лаборант техник,1703.0
Врач экстренный терапевт,617.0
Экстренный врач педиатр,112.0
Заведующий оовп врач общей практики,473.0
Медицинская сестра по выпеске лекарственных средств,620.0
Медицинская сестра кабинета стоматологии,620.0
Лаборант химводоочистки,234.0
Заведующий рентгенологическим отделением врач ренгенолог,1676.0
Врач стоматолог-хирург,77.0
Врач стоматолог-ортопед,422.0
Врач функц диагностики,1100.0
Заведующий фельдшерско-акушерский пункт акуш,1103.0
Врач эндокринолог,190.0
Инструктор лечебной физкультуре,916.0
Акушер кабинета врача акушер-гинеколога,579.0
Начальник отдела информаций,182.0
Врач фтизиатр участковый,155.0
Медицинская сестра ортопедической стоматологии,422.0
Начальник служб водопродно-канализационной кондиционирования воздуха отопления,945.0
Медицинская сестра отд мед помощник несовершеннол образовательных организациях,1079.0
Медицинская сестра прививочного кабинета,620.0
Фельдшер каб мед помощник несовершеннол образовательных организациях,1491.0
Электромонтер,1128.0
Врач гериатр,370.0
Заведующая кабинетом профилактики,855.0
Электрик кипа,1098.0
Медицинская сестра врача общей практике,620.0
Машинистка по стирке белья,1657.0
Экстренный ренген-лаборант,825.0
Врач стоматолог-терапевт,116.0
Медицинская сестра пал помощник,1549.0
Акушер смотрового кабинета,579.0
Медицинская сестра участкоая,620.0
Рентгенлаборант,826.0
Ренгент лаборот экстренкой помощи,1325.0
Врач ренгенолог,1676.0
Врач стоматолог детский,
Медицинская сестра диспечер службы рах,1334.0
Заведующий отд врач хирург,
Врач профпатолог,143.0
Экстреный анестизист,825.0
Медицинская сестра перевязчой,620.0
Санитарка операционного блока,255.0
Заместитель главного врача по клинико- экспертной работе,273.0
Медицинская сестра операционная,554.0
Слесарь-ремонтик,12.0
Медицинская сестра палатная дневной стац пол,909.0
Инструктор-дезинфектор,847.0
Заведующий стоматологическим отделением -врач-стоматолог-хирург,250.0
Фельдшер по об школ,163.0
Заведующий отделением врач по паллиотивной медицинской помощи,616.0
Водитель помощи,1325.0
Врач анестезиолог реаиатолог,1466.0
Санитарка экстренная,255.0
Медицинская сестра помощи,620.0
Врач хирург по оказанию экстр помощи,
Заведующий врачебной амбулаторией врач терапевт участковый,458.0
Врач экстренный анестезист,617.0
Помощник врача эпидемиолога,127.0
Врач невролог бюджет,220.0
Медицинская сестра экстренная операционная,617.0
Медицинская сестра по забору крови,620.0
Статистик,213.0
Фельдшер старший,163.0
Ведущий специалист по го чс мобилизационной работе,1474.0
Врач по паллиотивной медицинской помощи,616.0
Оператор на отстойниках,70.0
Водитель автомобиля класс,111.0
Специалист по соц работе,1689.0
Инспектор отдел кадров,1667.0
Врач- психиатр,263.0
Оператор насосных установок,1060.0
Санитарка сопровождения,255.0
Заведующий подсобным хозяйством,366.0
Заведующий организационно-методическим отделом врач-методист,421.0
Заведующий отделением врач-офтальмолог,165.0
Врач-офтальмолог лазерный хирург,165.0
Операционая медицинская сестра,237.0
Слесарь-сантехник ахо,291.0
Врач психиатр нарколог,362.0
Машинист по стирке ремонту спецодежды белья,309.0
Медицинская сестра врача общей практики,620.0
Медицинская сестра по профилактикек,1674.0
Врач акушер гинеколог,867.0
Заведующий фельдшерско-акушерским пунктом медицинская сестра,228.0
Заведующий поликлиникой врач-терапевт участковый,89.0
Специалист по программному обеспечению,1705.0
Врач стоматолог,196.0
Элетромонтер по ремонту обслуживанию электрооборудования,1144.0
Врач-стоматолог терапевт,116.0
Заведующий терапевтическим отделением врач терапевт,128.0
Заведующий фельдшерско-акушерским пунктом акушер,16.0
Медицинский логопед,857.0
Специалист по гражданской обороне чс,1672.0
Заведующий фельдшерско-акушерским пунктом-фельдшер,228.0
Оператор вычислительных элекстронно-вычислительных машин,1635.0
Врач общей практики,473.0
Врач- оториноларинголог,1197.0
Врач трансфузиолог,439.0
Заведующий отделением врач по паллиативной медицинской помощи,835.0
Заведующий поликлиникой врач акушер гинеколог,867.0
Рабочий по комплексному ремонту зданий сооружений,1663.0
Медсестракабинета,723.0
Врач психиатр участковый,972.0
Врач уролог,990.0
Оператор вычислительных электронно-вычислительных машин,1635.0
Врачофтальмолог,165.0
Врачфтизиатр,928.0
Медицинская сестра по паллиативной медицинской помощи,835.0
Уборщик служебныхпомещений,
Заместитель главный вр по кэр,1698.0
Заведующий консультативно-диагностическим отделением-врач-педиатр,1630.0
Заведующий педиатрическим отделением-врач-педиатр,1630.0
Заведующий женской консультацией-врач-акушер-гинеколог,205.0
Медицинский лаб техник,676.0
Заведующий детской поликлиникой- врач-педиатр,1630.0
Заведующий отделением медицинской профилактики для взрослых-врач по медицинской профилактике,215.0
Заведующий кабинетом медицинской статистики-врач-статистик,1659.0
Заведующий отделением ренгенодиагностики-врач ультразвуковой диагностики,1250.0
Врач-стоматолог-детский,
Заведующий поликлиникой-врач-невролог,17.0
Начальник отдела автоматизированной системы управления производством,1708.0
Заведующий стоматологичиским отделением-врач-стоматолог-терапевт,116.0
Заведующий профилилактическим отделением-врач-педиатр,1630.0
Заведующий кабинетом ультразвуковой диагностики-врач ультразвуковой диагностик,113.0
Заведующий оделением паллиативной медицинской помощи взрослым-врач по паллиативной медицинской помощи,45.0
Заведующий гастроэнтерологическим отделением-врач-гастроэнтеролог,109.0
Столяр-плотник,633.0
Старш медицинская сестра неврол отд,1018.0
Старш медицинская сестра терап отд,723.0
Старший медицинская сестра отд проф,723.0
Врача-педиатра кдо кабинет неотл мед помощник,1079.0
Уборщик служ помещ отд реаб к-та электролеч,288.0
Врач по паллиат мед помощник,880.0
Врач-педиатр орви,430.0
Медицинская сестра дермат каб,1171.0
Медицинская сестра цсо,620.0
Медицинская сестра стерилиз,620.0
Медицинская сестра пал пед,620.0
Врач лаборант кдл,8.0
Врач педиатр участ,112.0
Бухгалтер днев стац,381.0
Медицинская сестра кардиолог каб,785.0
Уборщик служ помещ флюорограф к-та,427.0
Заведующий амбулаторным отделением медицинской реабилитации-врач-физиотерапевт,1053.0
Медицинская сестра палатная отд орви,430.0
Младший медицинская сестра,605.0
Врач невролог стац,220.0
Медицинская сестра пал,1549.0
Врач паллиативной мед помощи выезд патр сл вп,880.0
Уборщик служ помещ отд реаб взросл пол-ки,288.0
Врач травмат -ортопед дп,788.0
Медицинская сестра цз,620.0
Рентген лаборантт,337.0
Мед психолог дп,1118.0
Заведующий отд врач пед,600.0
Старший медицинская сестра отд узких специалист,1472.0
Заведующий терап отд врач тер участк,322.0
Медицинская сестра-анестезист приит,620.0
Младший медицинская сестра пед,605.0
Заведующая отделением рентгенодиагностики -врач узд,1676.0
Мед сес каб врача-гериатра,881.0
Медицинская сестра дп,620.0
Медицинская сестра каб здор реб,1491.0
Мед сес каб врача-дерматовенеролога,881.0
Медицинская сестра процед,620.0
Санитарка стом отд,1271.0
Заместитель главный врача по апп,304.0
Медицинская сестра участковая дп,593.0
Медицинская сестра цз для детей,924.0
Врач анест реан паллиатив стац,541.0
Старший медицинская сестра отд профилактики,215.0
Главной медсестры,1106.0
Заведующий цз для детей,924.0
Старший медицинская сестра консульт-диагност отд дп,1152.0
Санитарка жк,255.0
Санитар эндоскоп каб взр пол,491.0
Младший медицинская сестра приит,620.0
Заведующий каб реабилитации,1509.0
Заведующий гастро отд,1045.0
Старш медицинская сестра педиатр отд,492.0
Заведующая кабинетом ультразвуковой диагностики-врач ультразвуковой диагностики,113.0
Заведующий взр поликлиникой-врач-терапевт,89.0
Медицинская сестра пал оки взрослых,620.0
Медицинская сестра прививочн каб,620.0
Экономист отдела закупок,1658.0
Санитарка кдл бак отд,491.0
Врач педиатр школы,1132.0
Врач-педиатр орви внеш совм,430.0
Медицинская сестра каб вр отоларинг дп,1491.0
Медицинская сестра проц каб,1171.0
Уборщик служ помещ к-та вр -стомат дет дп,105.0
Медицинская сестра лор,620.0
Начальника хозяйств отдела,
Санитарка дц,255.0
Заведующий педиатр отд,492.0
Медицинская сестра каб детск хирурга,167.0
Врач по медицинской профилактике цз,1674.0
Врач терапевт жк,132.0
Буфетчица педиатрического отд,673.0
Медицинская сестра по диетологии,1336.0
Врач окулист цз,303.0
Уб служ помощник общепол немед перс,400.0
Медицинская сестра офтальмолог каб,1578.0
Заведующий поликлиникой-врач-оториноларинголог,1246.0
Уборщик служ помещ приемного отд,427.0
Уборщик служ помещ педиатрического отд стац,278.0
Заведующая отд реабилитации-врач-физиотерапевт,1470.0
Заведующий отделением острых кишечных инфекций детей-врач-инфекционист,1204.0
Врач терапевт дн стац,381.0
Заведующая дц-врач узд,1691.0
Врач дежурант приемн отд,1417.0
Санитарка буф,255.0
Медицинская сестра функц диаг дп,1100.0
Медицинская сестра ком здор реб,620.0
Медицинская сестра неврол каб,1102.0
Врач кдл,1170.0
Уборщик служ помещений прием отд,1529.0
Медицинская сестра палатная приит,168.0
Медицинская сестра лдц,620.0
Приит,741.0
Санитарка кдл,1170.0
Уборщик служ помещ педиатрического отд,278.0
Санитарка каб стом хир,1271.0
Медицинская сестра палатная паллиатив,835.0
Медицинская сестра школы,1132.0
Старш медицинская сестра дп,1152.0
Старший акушер,579.0
Медицинская сестра эндоскоп,620.0
Старший медицинская сестра гастро отд,1045.0
Медицинская сестра днев стац,381.0
Заведующий стомат отд,1528.0
Медицинская сестра палатный оки,1119.0
Медицинский брат хирург каб,1171.0
Заведующий отд узк специалист врач-терапевт,1472.0
Санитарка стерилизационного отд,255.0
Врач анест реаним,541.0
Кастелянши,1005.0
Уборщика служебных помещений,347.0
Заведующий цз,924.0
Уборщик служ помещ офтальмолог к-та,427.0
Старший медицинская сестра участк,1152.0
Врач инфекционист,46.0
Заведующий консульт -диагност отд дп-врач пед,492.0
Врач лор,8.0
Заведующий отд врач-инфекционист оки,600.0
Медицинская сестра узд,1691.0
Санитарка отд реабил,1271.0
Врач трав -ортопед,239.0
Заведующий отд узких специалистов,1472.0
Заведующий отделением- врач-инфекцианист,1627.0
Врач окулист,303.0
Врача гастр отд оки взр,1122.0
Старш медицинская сестра отд оки,1122.0
Уборщик служ помещ отд реаб к-та вр рефл тер,288.0
Медицинская сестра оомпно,723.0
Медицинская сестра каб тиило цз,1491.0
Медицинская сестра невролога,617.0
Уборщик служ помещ хирургич к-та,427.0
Уборщик служ помещ к-та узд,1520.0
Старший медицинская сестра цз для детей,924.0
Медицинская сестра эндоскоп каб,1171.0
Заместитель главный врача по го моб работе,93.0
Медицинская сестра каб функциональной диагностики,72.0
Заведующий отд врач-инфекционист,600.0
Медицинская сестра стомат каб,1171.0
Старший медицинская сестра узк специалист,1476.0
Медицинская сестра уролога,990.0
Уборщик служ помещ отд реаб к-та теплолеч,288.0
Санитарки,505.0
Врач клинической лаб диагностики,657.0
Заведующий педиатр отд -врач педиатр,492.0
Заведующий тер отд,1604.0
Медицинская сестра каб вр онкол,1491.0
Медицинская сестра к-та серд -сосуд хирургии,910.0
Врач -хирург,
Кастелянша терапевтического отд,1425.0
Врач педиатр орви,430.0
Кастелянша женской консультации,503.0
Санитарка терапевт отд пол,920.0
Сестра-хозяйка дп,184.0
Мед прием отд,723.0
Врач-терапевт оки,1122.0
Врач терапевт цз,132.0
Заведующий терап отд врач тер,322.0
Медицинская сестра терап жк,1283.0
Врач-педиатр орви сохр ср зп,430.0
Уборщик служ помещ процедурного к-та дп,1413.0
Врач терапев каб мед помощ при отказе от курения,1491.0
Заведующий приит,741.0
Медицинский брат травмат каб,1171.0
Старшая медицинская сестра дп,1152.0
Администратор медрегистратуры жк,1283.0
Старшая медицинская сестра цз,1152.0
Уборщик служ помещ отд реаб к-та массажа,288.0
Уборщик служ помещ неврологического отд,427.0
Санитарки для раб буфете,505.0
Фельдшер-лаборант приит,201.0
Заведующий центром здоровья для детей вр-педиатр,1385.0
Заведующий отделением организации мед помощи несовершеннолетним образовательных организциях-врач-педиатр,1630.0
Врач анест реан,541.0
Мед травмат каб,1171.0
Буфетчик отд оки,1344.0
Санитарка фрюор к-та,255.0
Медицинская сестра окулиста,620.0
Заместитель главный врача по кэр,304.0
Врач педиатр цз для детей,924.0
Медицинская сестра-анестезист оки приит,620.0
Уборщик служ помещ урологич к-та,427.0
Медицинская сестра отд проф,723.0
Мед регистратор дп,212.0
Санитарка проц к-та,1382.0
Врач педиатр-дежур,1309.0
Старш мед сестры отд паллиат мед помощник взр,880.0
Медицинская сестра невролог отд,1018.0
Санитарка терап отд пол,920.0
Медицинская сестра каб вр отоларинг,1491.0
Буфетчица гастро отд,1045.0
Заведующий отдел врач-педиатр,112.0
Врач педиатр сада,112.0
Санитарка прием отд,723.0
Заведующий терап отд -врач тер,322.0
Заведующий педиатр отд -врач пед участк,492.0
Санитарка урол каб,255.0
Уборщик служ помещ к-та узд женской консультант,1520.0
Старший медицинская сестра хирург отд,63.0
Старший медицинская сестра лдц,1152.0
Уч медицинская сестра,406.0
Младший медицинская сестра оки детей,605.0
Кастелянша приит,503.0
Медицинская сестра приит,620.0
Медицинская сестра палатная отд оки,1122.0
Медицинская сестра эндокринолога,266.0
Санитарка приит,741.0
Медицинская сестра функциональной диагностики дп,72.0
Медицинская сестра пульмонолог к-та,515.0
Медицинская сестра проц отд оки,723.0
Старший медицинская сестра стомат отд,1271.0
Уборщик служ помощник общепол немед перс дп,400.0
Уборщик служ помещ стерилизацион отд,427.0
Медицинская сестра пал приит,620.0
Зубной врач цз для детей,769.0
Уборщик служ помощник оки взр,1352.0
Младший медицинская сестра паллиатив,835.0
Медицинская сестра проц отд орви,723.0
Заведующий отделением-врач-инфекционист,1204.0
Медицинская сестра педиатр отд,492.0
Врач стоматолог-терапевт цз,116.0
Мед сес офтальм,1067.0
Врач терапевт приемн отд,1417.0
Врач- терапапевт цз,924.0
Медицинская сестра терап отд,723.0
Врач фитотерапевт,26.0
Врач клинической лаб диагностики кдл,657.0
Медицинская сестра стомат отд дп,1271.0
Врач паллиативной мед помощи,835.0
Уборщик служ помещ процедурного к-та,1413.0
Фельдшер- лаборант,201.0
Заведующий стоматологическим отделением-врач-стоматолог детский,250.0
Уборщик служ помещ отд мед профилактики,1563.0
Медицинская сестра палатная педиатр отд,673.0
Уборщик служ помещ общепол немед перс,1392.0
Медицинская сестра пал оки детей,167.0
Младший медицинская сестра оки,1122.0
Уборщик служ помощник общепол немед перс,400.0
Медицинская сестра регистратуры дп,212.0
Заведующий проф отд,1528.0
Уборщик служ помещ к-та физиотерапии дп,427.0
Старш медицинская сестра отд орви,430.0
Врач терап дневн стац,909.0
Уборщик служ помещ терап отд,427.0
Кастелянша детской поликлиники,503.0
Фельд лаборант цз,448.0
Старшей акушерки,476.0
Мед лаб техник,676.0
Медицинская сестра эндокрин,266.0
Врач гастроэнтеролог цз,109.0
Мед сес участковая вп,1067.0
Кастелянши паллиатив,1005.0
Дворник жк,192.0
Кухонного рабочего,276.0
Санитарка бак отд,491.0
Врач терапевт оки взрослых,1122.0
Сестра-хозяйка жк,184.0
Заведующий пед отд -врач педиатр участковый,50.0
Медицинская сестра ревматолога,1032.0
Врач педиатр проф отд дп цз для детей,1079.0
Медицинский лаб техник внеш совм,676.0
Младший медицинская сестра отд орви детей,430.0
Старш медицинская сестра гастро отд,1045.0
Санитарка дн стац,381.0
Врач дн стац,381.0
Врач- педиатр школы,1132.0
Медицинская сестра стомат каб дет,1491.0
Уборщик служ помощник общ пол немед перс дп,400.0
Медицинская сестра процед невр днев стац,381.0
Мед регистратор,212.0
Кастелянша неврологического отд,1102.0
Врач терап участковый,909.0
Заведующий центром здоровья врач по медицинской профилактике,1385.0
Буфетчик отд орви,1344.0
Медицинская сестра каб врача уролога,1491.0
Уборщик служ помещ оториноларингол к-та,427.0
Уборщик служ помощник к-та вр -ак -гин женс консультант,1104.0
Санитарки кдл,505.0
Медицинская сестра гастр отд,1045.0
Старший медицинская сестра терап отд,723.0
Старш медицинская сестра взрослой поликлиники,476.0
Старший медицинская сестра цз,1152.0
Врач узи дп,1691.0
Гардеробщик дп,603.0
Буфетчика,765.0
Медицинская сестра со,620.0
Заведующий отделением выездной патронажной паллиативной медицинской помощи взрослым-врач по паллиативной медицинской помощи,45.0
Врач ультразвуковой диагностики дп,113.0
Санитарка офтальмолог к-та,1578.0
Санитарка хир к-та,1211.0
Медпсихолог дп,603.0
Гардеробщик жк,1304.0
Уборщик служ помещ к-та вр -дет -хирурга дп,105.0
Врач офтальм сад,1608.0
Дворник дп,192.0
Старший медицинская сестра премного отд,620.0
Врач ак -гинек,867.0
Врач дежурант,1417.0
Уборщик служ помощник пол,1549.0
Уборщик служ помещ общепол немедиц перс дп,1392.0
Фельд лаборант,448.0
Врач-терапевт каб неотл мед помощник,1491.0
Медицинская сестра инфекц каб,620.0
Буфетчица неврологического отд,1102.0
Медицинская сестра дерм каб,1171.0
Старший медицинская сестра педиатр отд,492.0
Начальника отдела закупок,1658.0
Медицинская сестра энцеф,620.0
Врач серд -сосуд хирург,874.0
Буфетчик орви,765.0
Медицинская сестра функц диаг,1100.0
Заведующий невролог отд,1018.0
Врач терапев дн стац,381.0
Зубной врач цз для дет,769.0
Медицинская сестра физиокабинета,620.0
Медицинская сестра процед каб,881.0
Старший медицинская сестра взрослая поликлиника,1152.0
Врач -терапевт кабинет неотл мед помощи вп,1079.0
Медицинская сестра невр,620.0
Медицинская сестра процед орви,430.0
Санитарка отд реаб,1271.0
Медицинская сестра отд реаб,723.0
Заведующий педиатр отделения,492.0
Администратор медрегистратуры дп,1283.0
Врач приемного,55.0
Медицинская сестра каб инфекц бол дп,1491.0
Заместитель главный врача по омр,304.0
Врач-педиатр оки,112.0
Уборщик служ помощник к-та вр -стом -тер стомат отд,1104.0
Буфетчица терапевтического отд,1425.0
Уборщик помещений прием отд,1529.0
Буфетчик оки,765.0
Медицинская сестра каб врача стоматолога,881.0
Медицинская сестра отд реабил,723.0
Заместитель главный врача по амб -поликл помощник взр нас,304.0
Уборщик служ помощник проц к-та дет дп,1382.0
Буфетчица отд,673.0
Медицинская сестра по физиотерапии дп,410.0
Уборщик служ помещ педиатрического отд дп,278.0
Сестра-хозяйка педиатр отд,184.0
Старший медицинская сестра невролог отд,1018.0
Участ медицинская сестра,620.0
Старший медицинская сестра проф отд дп,1152.0
Медицинская сестра-анестезист приитотд оки,620.0
Медицинская сестра процед отд орви,723.0
Сторож дп,560.0
Врач травмат -ортопед,788.0
Санитарка хир отд,1211.0
Мед функц диаг,212.0
Врач кардиолог-ревматолог,130.0
Санитарка бак лаб,491.0
Младший медицинская сестра отд оки взрослых,605.0
Мед сес каб узд жк,881.0
Старш медицинская сестра приемн отд,723.0
Врач-психотерапевт отд проф,580.0
Фелдшер лаборант,234.0
Акушерка днев стац,909.0
Менеджер по пекламе,118.0
Буфетчица,673.0
Ведущий экономист по материально техническому снабжению,895.0
Врач-стоматолог кабинета врача-стоматолога,1272.0
Специалист гражданской обороны мобилизационной работы,1672.0
Ведущий экономист планово-экономического отдела,1699.0
Заведующий отделением-врач по паллиативной медицинской помощи,835.0
Заведующий фельдшерско-акушерским пунктом акушерка,228.0
Тест,234.0
Заведующая поликлиникой врач-терапевт,89.0
Заведующая лабораторией-врач клинической лабораторной диагностики,1637.0
Специалист по охране охране труда 1-ой категории,374.0
Уборщик служебных момещений,1054.0
Заведующая социальным отделением,1480.0
Водитель автом 1-го класса,1547.0
Рабочий по комплексному обсл ремонту зданий,1663.0
Заместитель дир по воспитательной реабилитационной работе,1222.0
Заместитель директора по административно- хозяйственной работе,1628.0
Соц педагог согласно второй внутридолжностной категории етс,1107.0
Редактор 2й категории,223.0
Социальный педагог второго квалификационного уровня,326.0
Заведующий отделом музыкальной части,
Заведуюший филиалом,917.0
Заведующий сектором досуговой работы,466.0
Заведующая отделом методики,468.0
Режиссер народного экспресс-театра,1.0
Акомпаниатор,299.0
Программист категории,104.0
Психолог категории,392.0
Заместитель директора по воспитательной реабилитационной работе,1222.0
Кухонный помощник,276.0
Слесарь электрик по ремонту электрооборудования,1639.0
Заместитель директора по медицинской части,1575.0
Заведующий отделением срочной социальной помощи,
Заведующий отделением дневного пребывания,590.0
Уборщица служебного помещения,115.0
Заведующий отделением социального обслуживания на дому,664.0
Специалист по срочной социальной работе,1298.0
Уборщик служебных помещений педиатрического отделения,1054.0
Санитар педиатрического отделения,1362.0
Санитар приемного отделения,1362.0
Уборщик служебного помещения приемного отделения,115.0
Санитар клинико диагностической лаборатории,576.0
Медицинская сестра участковая врача педиартра участкового,50.0
Врач-анестезиолог-раниматолог,1466.0
Санитар дтп,1341.0
Водитель дтп,1341.0
Врач- ультразвуковой диагностики,113.0
Медицинская сестра врача терапевта участкового,593.0
Заведующий 1- ый дьяконовского фельдшерско-акушерский пункт,821.0
Уборщик служебных помещений детского поликлического отделения,1054.0
Уборщик служебного помещения хозяйственного отдела,115.0
Медицинская сестра палатная педиотрического отделения,1538.0
Уборщик служебных помещений поликлиника,1054.0
Санитар процедурного кабинета поликлиника,682.0
Уборщик служебного помещения хирургического отделения,115.0
Санитар хирургического отделения,237.0
Рентгенолаборант рентгеновского кабинета,1600.0
Буфетчица терапевтического отделения,142.0
Фельдшер старковского фельдшерско-акушерский пункт,186.0
Врач-офтольмолог,26.0
Заведующий плотавский фельдшерско-акушерский пункт,1103.0
Фельдшер катыринского фельдшерско-акушерский пункт,
Врач-стоматолог- терапевт,116.0
Заведующий артюховский фельдшерско-акушерский пункт,1103.0
Медицинская сестра врача- психиартра участкового,972.0
Медицинская сестра кабинета врача офтольмолога,1226.0
Уборщик служебных помещений плотавский фельдшерско-акушерский пункт,60.0
Уборщик служебных помещений лобазовского фельдшерско-акушерский пункт,60.0
Врач-невролог терапевтического отделения,142.0
Уборщик служебных помещений долженковского фельдшерско-акушерский пункт,60.0
Медицинская сестра процедурная терапевтического отделения,142.0
Администратор дет отделения,140.0
Заведующий черницынского фельдшерско-акушерский пункт,1487.0
Уборщик служебных помещений терапевтического отделения,1054.0
Санитар терапевтического отделения,142.0
Гардеробщик поликлиника,1304.0
Медицинская сестра врача дермовинеролога,185.0
Санитар прививочного кабинета,643.0
Лаборант клинико диагностической лаборатории,576.0
Медицинская сестра анестезист хирургического отделения,63.0
Фельдшер черницынского фельдшерско-акушерский пункт,1487.0
Врач-дерматовенеролог поликлиника,185.0
Медицинская сестра врача -психитр -нарколога,362.0
Медицинская сестра врача фтизиатра,928.0
Буфетчик хирургического отделения,237.0
Санитар врача стомотолога терапевта,1449.0
Кастелянша поликлиника,503.0
Кастелянша хирургического отделения,237.0
Санитар микробиологической лаборатории,625.0
Врач-психиатр участковый поликлиника,972.0
Врач-психиатр-нарколог поликлиника,362.0
Экономист по закупкам,1376.0
Врач фтизиатр участковый поликлиника,155.0
Начальник отдела го чс,1647.0
Санитар кабинета врача-акушера-гинеколога поликлиники,682.0
Кастелянша терапевтического отделения,142.0
Машинит по стирке белья ремонту спецодежды,
Медицинская сестра кабинета первичной мед сан мед помощи гражданам имеющ право на пол набора соц услуг,1614.0
Фельдшер 2-ый фапа,
Заведующий никольского фельдшерско-акушерский пункт,228.0
Начальник пэо,19.0
Заведующий катыринского фельдшерско-акушерский пункт,
Заведующий 2-ый дьяконовского фельдшерско-акушерский пункт,821.0
Медицинская сетра врача -стоматолога -хирурга,910.0
Врач терапевт терапевтического отделения,142.0
Заведующий долженковский фельдшерско-акушерский пункт,1103.0
Медицинская сестра кабинета врача хирурга,237.0
Медицинская сестра кабинета врача травматолога -ортопеда поликлиника,742.0
Операционная медицинская сестра хирургического отделения,237.0
Уборщик служебного помещения никольского фельдшерско-акушерский пункт,597.0
Лаборант микробиологической лаборатории,625.0
Фельдшер кабинета врача по медицинской профилактик,1515.0
Медицинская сестра кабинета ультрозвуковой диагностики,113.0
Фельдшер 1-ый фельдшерско-акушерский пункт,186.0
Медицинский лаборант-техник кдл поликлиника,1703.0
Заведующий геологического фельдшерско-акушерский пункт,1103.0
Заведующий отделения медицинской профилактики вра-по медицинской профилактике,875.0
Медицинская сестра кабинета эндоскопической диагностики,59.0
Заведующий хирургическим отделением,64.0
Уборщик служебных помещений 1-ый фельдшерско-акушерский пункт,60.0
Медицинская сестра процедурная кабинета консультативного диагностического отделения,801.0
Врач акушер гинеколог хирургического отделения,63.0
Врач акушер гинеколог поликлиники,385.0
Врач- детский уролог- андролог,95.0
Уборщик служебного помещения 2-ый фельдшерско-акушерский пункт,597.0
Заведующий детским поликлиническим отделением врач педиатр,1630.0
Заведующий кабинетом медицинского статистика-врач-статистик,998.0
Врач педиатр педиотрического отделения,112.0
Заведующая клинико-диагностической лаборатории- врач клинической лабораторной диагностики,1637.0
Фельдшер лобазовского фельдшерско-акушерский пункт,186.0
Врач- эндоскопист кабинета эндоскопической диагностики,59.0
Медицинская сестра процедурная хирургического отделения,237.0
Уборщик служебных помещений фельдшерско-акушерский пункт,60.0
Заведующий авдеевского фельдшерско-акушерский пункт,1103.0
Акушер кабинета врача-акушера-гинеколога поликлиники,682.0
Медицинская сестра перевязочная хирургического отделения,237.0
Заведующий старковский фельдшерско-акушерский пункт,1103.0
Уборщик служебных помещений катыринского фельдшерско-акушерский пункт,60.0
Медицинская сестра кабинета функциональной диагностики,72.0
Медицинская сестра кабинета врача онколога,1515.0
Медицинский статистик кабинета мед статистики,1277.0
Заведующий лобазовского фельдшерско-акушерский пункт,1103.0
Заведующий поликлиникой врач специалист,89.0
Врач профпотолог,26.0
Медицинская сестра врача -оториноларинголога,1197.0
Врач-педиатр кабинета здорового ребенка детского поликлинического отделения,135.0
Заведующий ванинского фельдшерско-акушерский пункт,1103.0
Уборщик служебных помещений горбулинского фельдшерско-акушерский пункт,60.0
Медицинская сестра кабинета врача-детского уролога- андролога,95.0
Заведующий горбулинского фельдшерско-акушерский пункт,1487.0
Медицинская сестра врача детского эндокринолога,266.0
Санитар кабинета врача -стоматолога -хирурга,1272.0
Уборщик служебных помещений геологического фельдшерско-акушерский пункт,60.0
Медицинская сестра кабинета врача невролога,1072.0
Медицинская сетра привочного кабинета профилактического отделения,801.0
Медицинская сестра кабинета врача -детского хирурга,167.0
Санитар привочного кабинета профилактического отделения,801.0
Администратор кабинета,140.0
Заведующий плотавского фельдшерско-акушерский пункт,1103.0
Медицинская сестра кабинета врача стоматолога терапевта,1449.0
Уборщик службного помещения кабинета эндоскопической диагностики,1371.0
Уборбик служебного помещения старковский фельдшерско-акушерский пункт,597.0
Уборщик служебных помещений филипповского фельдшерско-акушерский пункт,60.0
Медицинская сестра кабинета врача педиатора здорового ребенка,135.0
Провизор поликлиника,715.0
Врач энфекционист,26.0
Уборщик служебного помещения физиотерапевтического кабинета,115.0
Рабочий ко копмлесному ремонту обслуживанию зданий,1633.0
Санитар процедурная кабинета консультативного диагностического отделения,576.0
Фельдшер кабинета популяционных методов профилактики,1515.0
Медицинская сестра кабинета врача инфекциониста,620.0
Санитар кабинета врача хирурга,1272.0
Медицинская сестра выписного центра,620.0
Медицинская сестра физиотерапетического кабинета,410.0
Врач- детский эндокринолог,266.0
Медицинская сетра врача кардиолога,910.0
Уборщик служебного помещения,115.0
Уборщик служебного помещения кабинета фукциональной диагностики,115.0
Врач по паллиативной медицинской помощи педиатрического отделения,835.0
Уборщик служебного помещения ванинский фельдшерско-акушерский пункт,597.0
Рентгенолаборант кабинета,402.0
Врач-травматолог-ортопед хирургического отделения,52.0
Медицинская сестра врача трансфузиолога,439.0
Медицинская сестра врача- стоматолога детского,
Уборщик служебного помещения кабинета ультрозвуковой диагностики,115.0
Врач- рентгенолог кабинета,103.0
Заведующий филипповского фельдшерско-акушерский пункт,1103.0
Уборщик служебного помещения рентгеновского кабинета,115.0
Врач бактериолог микробиологической лаборатории,625.0
Медицинская сестра врача эндокринолога,266.0
Уборщик служебного помещения артюховский фельдшерско-акушерский пункт,597.0
Уборщик служебного помещения авдеевского фельдшерско-акушерский пункт,597.0
Машинист котельной,69.0
Заведующей кабинетом медицинской профилактики врач по медицинской профилактике,875.0
Заведующий рентгенологическим кабинетом врач-рентгенолог,1676.0
Оператор газораспределительной станции,1034.0
Заведуюший отделением-врач-педиатр,1630.0
Заведуюший фельдшерско-акушерский пункт фельдшер,9.0
Начальник штаба гражданской обороны,685.0
Заведующий поликлиникой-врач-психиатр-нарколог,90.0
Медицинская сестра профпатолога,620.0
Врач-клинической лабораторной диагностики,570.0
Заведующая филиалом будановской сельской библиотеки,
Заведующая филиалом новоспасская сельская библиотека,
Заведующая филиалом,
Заведующая сектора информационно-досуговой работы детьми,1498.0
Заведующая филиалом демякинская сельская библиотека,
Заведующая детским отделом,918.0
Заведующая сектором внестационарного обслуживания,746.0
Заведующая центра правовой информации,426.0
Заведующая филиалом коневская сельская библиотека,
Заведующая филиалом донская сельская библиотека,
Заведующая филиалом зиборовская сельская библиотека,
Заведующая филиалом солнечная сельская библиотека,
Заведующая филиалом фентисовская сельская библиотека,
Заведующая филиалом никулинская сельская библиотека,
Заведующая филиалом дмитриевская сельская библиотека,
Заведующая отделом организации сохранения единого фонда,468.0
Заведующая сектором информационно-методической работы,1372.0
Библиотекарь отдела обслужив,1434.0
Заведующая отделом обслуживания,145.0
Библиотекарь оо сеф,
Заведующая сектором краеведческой информации,746.0
Заведующая филиалом сергиевская сельская библиотека,
Библиотекарь филиала солнечная сельская библиотека,832.0
Заведующая филиалом казанская сельская библиотека,
Заведующая филиалом революционная сельская библиотека,
Заведующая филиалом белоколодезской сельская библиотека,
Заведующая филиалом гремяченской сельской библиотеки,
Заведующая филиалом седмиховская сельская библиотека,
Заведующая филиалом воробьевской сельской библиотеки,
Врач-терапевт подростковый,363.0
Медецинская сестра прививочной,620.0
Заведующая кабинетом,855.0
Медицинская сестра физиотерапии,410.0
Врач -невролог,220.0
Медицинская сестра врача хирурга,63.0
Заведующий врач паллиативной помощи,1357.0
Начальник по гражданской обороне чрезвычайным ситуациям мобилизационной работе,1649.0
Специалист по охране труда техники безопасности,374.0
Электромонтер по ремонту обслуживанию электрооборудованию,34.0
Медицинская сестра по приему вызовов медицинской помощи передаче их выездным пригадам медицинской помощи,1584.0
Заведующий фельдшерско-акушерским пунктом-медицинская сестра,228.0
Заведующий врачебной амбулаторией-врач-педиатр,458.0
Заведующий амбулаторией-врач общей практики,473.0
Заведующий поликлиникой-врач-акушер-гинеколог,867.0
Заведующий участковой больницей,1149.0
Заведующий солнечной участковой больницы-врач-анестезиолог-реаниматолог,1244.0
Заведующий солнечной участковой больницы-врач-невролог,1244.0
Заведующий детским поликлиническим отделением врач-педиатр,1630.0
Заведующий кабинетом профилактики-вра- терапевт,959.0
Заведующий отделением лучевой диагностики врач-рентгенолог,748.0
Заведующий кабинетом медицинской профилактики-врач по медицинской профилактике,875.0
Заведующих фельдшерско-акушерским пунктом-медицинская сестра,228.0
Ууборщик служебных помещений,347.0
Заведующий отделением-врач общей практики,473.0
Заведующий ренгенологическим отделением-врач-рентгенолог,1676.0
Медицинская сестра кабинета врача трансфузиолога,369.0
Медицинский дабараторный техник,159.0
Врач-специалист,269.0
Машинист по стирке ремонту одежды,175.0
Заведующий социальной службой,1085.0
Редактор,223.0
Заведующая отд дцп,1470.0
Рабочий по обслуживанию здания,1633.0
Заведующая орг метод отделом,1059.0
Учитель -дефектолог,195.0
Юрис-консульт,1391.0
Заведующий орг метод отделом,1059.0
Учитель предметник,39.0
Учитель начальных классов,494.0
Учитель русского,251.0
Учитель психолог,846.0
Врач- фтизиатр участковый,155.0
Врач- анестезиолог- реаниматолог,101.0
Заведующий терапевтическим отделением- врач терапевт,128.0
Заведующий фельдшерско-акушерский пункт -фельдшер,9.0
Специалис по охране труда,1436.0
Врач- хирург,
Врач- педиатр участковый,50.0
Врач кардилог,26.0
Врач- стоматолог хирург,77.0
Врач по медицинской профилактики,1674.0
Врач -профпатолог,143.0
Врач- терапевт,132.0
Заведующий отделением-врач терапевт,1671.0
Врач- травматалог-ортопед,239.0
Врач- офтальмолог,165.0
Врач- эндокринолог,190.0
Заведующий фельдшерско-акушерский пункт-акушер,1103.0
Врач- рентгенолог,103.0
Врач- педиатр,112.0
Рабочая,222.0
Заведующий хирургическим отделением -врач-хирург,64.0
Врач- уролог,990.0
Врач- дерматолог,649.0
Врач- венерол,26.0
Медицинская сестра подростковая,363.0
Специалист по гражданчской обороне чрезвычайным ситуациям,1649.0
Врач- терапевт подростковый,363.0
Заведующий поликлиникой- врач-невролог,17.0
Врач- онколог,1136.0
Врач- дерматовенеролог,185.0
Медицинская сестра фтизиатрического кабинета,1515.0
Слесарь электрик,690.0
Врач- стоматолог детский,
Медицинская сестра участковая кабинета терапевтического кабинета,593.0
Врач- нарколог,932.0
Врач- стоматолог,196.0
Медицинская сестра прививочная,620.0
Врач-тансфузиолог,26.0
Врач- неонатолог,106.0
Старшая медицинская сестра поликлиника,99.0
Медицинская сестра кабинета врача-дерматовенеролога,185.0
Врач- стажер,243.0
Врач- детский хирург,167.0
Врач- инфекционист,46.0
Медициская сестра,620.0
Водитель автомобиля категории,111.0
Техник программист,323.0
Врач-стоматолог- детский,
Начальник отдела автоматизированной системы управления,1708.0
Начальник штаба гражданской обороны чрезвычайных ситуаций мобилизационной работы,685.0
Менеджер по связям общественностью,217.0
Заведующий отделением врач-трансфузиолог,439.0
Начальник отдела-инженер-программист,136.0
Заведующий отделом врач-трансфузиолог,439.0
Заведующий центром-врач-трансфузиолог,369.0
Заведующий отделом-врач клинической лабораторной диагностики,570.0
Главный механик,256.0
Начальник штаба по гражданской обороне мобилизационной работе,1229.0
Заместитель главного врача по гражданской обороне чрезвычайным ситуациям мобилизационной работе,1649.0
Менеджер по пропаганде донорства,118.0
Старший медицинский лабораторный техник,1703.0
Начальник ахо,1041.0
Операц медицинская сестра,554.0
Уборщик производст служебных помещений,347.0
Санитарка ванщица,627.0
Мединская палатная сестра,1119.0
Медицинская сестра кабинета по физиотерапии,410.0
Медицинская сестра патронажная,620.0
Заместитель директора по социально-медицинской работе,
Врач-заведующий отделением,1636.0
Психолог социальной сфере,392.0
Заместитель начальника главный бухгалтер,1679.0
Юристконсультант,584.0
Заведующий отделением дневного пребывания граждан пожилого возраста инвалидов,171.0
Заведующая отделением соцобслуживания на дому граждан пожилого возраста инвалидов,171.0
Заведующий отделением срочного социального обслуживания,
Санитар сопровождения,162.0
Рабочий по комплекс обслуж ремонту зданий,1633.0
Сторож сов,1064.0
Санитар палатный,162.0
Медицинская сестра по диетпитанию,1336.0
Медицинская сестра старшая,1152.0
Санитарка-уборщица палатная,168.0
Ио директора,
Врач -специалист-педиатор,1428.0
Программист 1-го квал уровня,1221.0
Слесарь -электрик по ремонту электрооборудования,1639.0
Врач-специалист психиатр,269.0
Врач приемного отделения-врач-инфекционист,1452.0
Ведущий инженер по эксплуатации оборудования газовых объектов,558.0
Заведующий отделением врач инфекционист,1204.0
Заведующий консультативного специализированного гепатологического центра-врач-инфекционист,1622.0
Заведующий отделом лучевой диагностики врач рентгенолог,748.0
Заведующий отделением-врач-анестезиолог-реаниматолог,1141.0
Медицинский статистик организационно методический отдел,1277.0
Заведующий лаборатории врач бактериолог,378.0
Медицинская сестра стерилизационная,620.0
Заведующий организационно-методического отдела-врач-методист,834.0
Инженер по контрольно-измерительным приборам автоматике,97.0
Заместитель главного врача по организации оказания медицинской помощи пациентам новой короновирусной инфекцией covid,659.0
Врач пульмонолог,515.0
Заведующий отделением лучевой диагностики-врач-рентгенолог,748.0
Заведующий лаборатории-врач клинической лабораторной диагностики,570.0
Техник для обслуживания систем газоснабжения,394.0
Заместитель главного врача по медицинской части по организации оказания медицинской помощи пациентам новой короновирусной инфекцией covid,659.0
Исполняющий обязанности начальника отдела по переданным полномочиям,209.0
Опекун,1613.0
Тьютор,512.0
Консультант отдела социального обеспечения,65.0
Педагог психолг,30.0
Ведущий дискотеки,951.0
Консультант отдела по переданным полномочиям,395.0
Заведующая отделом,468.0
Консультант отдела контроля исполнения бюджетной отчетности,474.0
Сторож вахтер,957.0
Главный специалист юристконсульт,584.0
Рабочий по обслуж котельной,1633.0
Советник директора по воспитанию взаимодействию детьми общественными обьеденениями,1632.0
Преподаватель организатор основам безопасности жизнедеятельности,1641.0
Слесарь по ремонту автомобиля,1697.0
Рабочий по кухне,573.0
Консультант отдела агрономии земельныз имущественных правоотношений,1574.0
Глава курской области,967.0
Консультант по связям общественностью координации деятельности политических партий общественных объединений,1431.0
Консультант отдела организационной кадровой работы делопроизводства,1631.0
Консультант отдела животноводства экономического развития,548.0
Консультант отдела строительства архитектуры р-на курской обл,258.0
Заведующая,
Начальник отдела экономики планирования,1378.0
Начальник отдела контроля исполнения бюджетной очетности,474.0
Консультант отдела экономики планирование бюджета,1139.0
Исполняющий обязанности начальника отдела агрономии земельных правоотношений,1609.0
Киномеханик,1163.0
Специалист отдела,
Учитель надомник,39.0
Консультант отдела юридического сопровождения муниципальных услуг защиты информации икт,318.0
Консультант отдела по мобилизационной работе,622.0
Заместитель директора по работе детьми,1219.0
Заместитель заведующего,1670.0
Машинист по стирке белья,1657.0
Начальник отдела образования,1688.0
Исполняющий обязанности заведующего,1126.0
Главный специалист бухгалтер,211.0
Главный специалист экономист,717.0
Техник сторитель,394.0
Заведующий отделом по кинообслуживанию,1636.0
Преподаватель основам безопасности жизнедеятельности,749.0
Воспитатель сопроводитель,43.0
Заместитель заведующего по хоз работе,1670.0
Старший инструктор методист физкультурно оздоравительных мероприятий,119.0
Начальник отдела организационной кадровой работы делопроизводства,1631.0
Начальник отдела юридического сопровождения муниципальных услуг защиты информации икт,318.0
Директора,37.0
Председатель,53.0
Председатель ревизионной комиссии,1678.0
Аудитор ревизионной комиссии,1678.0
Консультант отдела жкх промышленности транспорта связи,485.0
Кассир-контролер,559.0
Начальник архивного отдела,244.0
Начальник управления по социальным вопросам,1435.0
Заместитель главы администрации курской области -управляющий делами,1174.0
Консультант административной комиссии,1662.0
Оперативный дежурный,389.0
Начальник отдела жкх промышленности транспорта связи,485.0
Замещающий начальника отдела строительства архитектуры администрации курской,258.0
Педогог библиотекарь,1117.0
Начальник управления образования,1688.0
Консультант архивного отдела,244.0
Консультант отдела загс,158.0
Начальник отдела по мобилизационной работе,622.0
Первый заместитель главы,1668.0
Консультант по труду вопросам охраны окружающей среды,839.0
Консультант по ведению внутреннего муниципального финансового контроля администрации,1661.0
Консультант отдела го чс координации деятельности сфере правопорядка,1647.0
Начальник отдела животноводства экономического развития,548.0
Начальник отдела загс,158.0
Консультант комиссии по делам несовершеннолетних защите их прав,225.0
Техник по эксплуатации ремонту спортивной техники,1145.0
Начальник единой дежурно-диспетчерской службы,886.0
Руководитель клубного формирования,73.0
Заведующая детским сектором,918.0
Режиссер народного театра,1.0
Помощник режисера,1235.0
Дирижер духового оркестра,199.0
Киномеханик пристенская киноустановка,1163.0
Исполняющий обязанности заместителя главы администрации управляющего делами,598.0
Главный специалист-эксперт отдела экономики планирования бюджета,327.0
Пенсионер,370.0
Консультант по связям,1300.0
Начальник отдела агрономии земельных правоотношений вопросам окружающей среды,1609.0
Исполняющий обязанности начальника управления по социальным вопросам администрации курской области,1435.0
Начальник отдела правовой работы финансового контроля икт,219.0
Начальник отдела социального обеспечния,1010.0
Заместитель начальника-главного бухгалтера,1679.0
Культоорганизатор,891.0
Исполняющий обязанности начальника отдела го чс,209.0
Исполняющий обязанности начальника архивного отдела,209.0
Заведующий правовым сектором,527.0
Главный специалист-эксперт отдела контроля исполнения бюджетной отчетности,474.0
Фотооператор,
Учащийся,39.0
Главный специалист эксперт по переданным полномочиям,395.0
Старший инструктор по физической культуре,1675.0
Консультант по мобилизационной работе,1114.0
Работник по бездомным животным,108.0
Заведующий мастерскими,1063.0
Старший инструктор методист по физической культуре,1467.0
Методист по народному творчеству,999.0
Консультант отдела,407.0
Лаборант химического анализа воды,655.0
Исполняющий обязанности начальника отдела юридического сопровождения муниципальных услуг защиты информации икт администрации,318.0
Начальник-главный бухгалтер,926.0
Инструктор методист по физической культуре,1467.0
Специалист архивного отдела,244.0
Начальник отдела физической культуры спорта,1655.0
Исполняющий обязанности начальниа отдела физической культуры спорта,1655.0
Киномеханик бобрышевской киноустановки,98.0
Аудитор,1450.0
Инструктор методист физкультурно-спортивных организаций,536.0
Консультант отдела физической культуры спорта,1655.0
Рабочий кухни,341.0
Исполняющий обязанности начальника отдела кадров работы,209.0
Специалист отдела физической культуры спорта администрации,1655.0
Старший методист,1626.0
Главный специалист эксперт отдела социального обеспечения,65.0
Глава администрации,
Ведущий специалист-эксперт отдела загс,469.0
Руководитель муниципального казенного учреждения,962.0
Слесарь ремонтник,134.0
Инспектор вус,996.0
Водитель служебного автомобиля,841.0
Начальник отдела бюджетного учета отчетности главный бухгалтер,133.0
Заместитель главы администрации,
Диспетчер системы,56.0
Старший диспечер,961.0
Санитар сопровождающий,700.0
Медицинская сестра по диет питанию,1336.0
Шеф- повар,94.0
Старшая медицинская сестра отделения,1152.0
Инструктор произв обучен рабочих массовых профессий,1044.0
Врач невропатолог,321.0
Заведующая аптекой,871.0
Врач гинеколог,1354.0
Специалист по ведению вус,
Глава гостомлянского сельсовета,14.0
Начальник отдела бюджетного учета отчетности,133.0
Специалист гражданской обороны чрезвычайных ситуаций мобилизационной работе,1649.0
Заведующий отделение врач-педиатр,112.0
Старшая акушерка,476.0
Участковый врач терапевт,907.0
Медицинская сестра перевязочная,20.0
Врач стоматолог хирург,77.0
Рабочий по обслуживанию ремонту зд сооружений,1254.0
Заведующий отделением врач-акушер-гинеколог,867.0
Врач функциональной диагностии,72.0
Специалист по защите информатизации,1646.0
Медицинская сестра-анестезистка,101.0
Уборщик производственных служебнных помещений,383.0
Заведующий стоматологическим отделением- врач-стоматолог,250.0
Фельдшер по приему вызовов медицинской помощи передаче их выездным бригадам медицинской помощи,228.0
Участковый врач педиатр,907.0
Заведующий кабинетом медицинской статистики врач-статистик,1659.0
Заведующий фельдшерско-акушерский пункт акушер,1103.0
Заведующий лабораторией врач,67.0
Заведуюшая отделом кинообслуживания,1394.0
Киномеханик тазовской киноустановки,98.0
Заведующий сектором по спортивной работе,316.0
Киномеханик свободинской киноустановки,98.0
Киномеханик киноустановки,98.0
Киномеханик новоспасской киноустановки,98.0
Киномеханик никулинской киноустановки,98.0
Киномеханик солнечной киноустановки,98.0
Заведуюшая сектором досуговой работы,466.0
Руководитель спортивно- массовой секции,1178.0
Начальник отдела бухгалтерского учета отчетности,1640.0
Бухгалтер ой категории,906.0
Специалист по срочной работе,1298.0
Секретарь -машинистка,376.0
Медицинская сестра палатная ом,1119.0
Медицинская сестра палатная оот,168.0
Санитар морга,162.0
Рабочий по обслуживанию текущему ремонту здания,1633.0
Слесарь по обслужив ремонту систем вентиляции кондиц,760.0
Начальник бюро,367.0
Заместитель начальника по медицинской части,31.0
Слесарь сан-техник,394.0
Электромонтер по обслуживанию электрооборудования,1342.0
Заместитель начальника бюро по экономическим вопросам,1486.0
Заместитель директора по социальным вопросам,994.0
Врач-невропотолог,26.0
Машинист по стирке ремонту специалист одежды,978.0
Техник по обслуживанию электронно-вычислительных машин,1146.0
Советник директора по воспитательной работе,
Педагог дополнительго образования,1642.0
Советник директора по воспитанию взаимодействию детскими объединениями,1632.0
Специалист по го защите чс,
Заведующий фельдшерско-акушерский пункт- фельдшер,9.0
Медицинская сестра анестезистка,1419.0
Оператор электронно-вычислительной машины,1635.0
Врач ультрозвуковой диагностики,113.0
Врач фтизиатр,928.0
Врач- хирург для оказания экстренной неотложной хирургической,1489.0
Заведующий фельдшерско-акушерский пункт- медицинская сестра,1103.0
Заведующий фельдшерско-акушерский пункт -акушерка,574.0
Заведующий кабинетом врач-рентгенолог,103.0
Медицинская сестра кабинета организации медицинской помощи несовершеннолетним образовательных организация,1079.0
Повар пищеблока,267.0
Медицинская сестра процедурной дневного стационара,1015.0
Рабочий по стирке ремонту спецодежды,1657.0
Врач стоматолог-детский,
Заведующий отделением врач медицинской помощи,194.0
Фельдшер лаборант,201.0
Водитель автомобиля медицинской помощи,111.0
Врач терапевт подростковый,363.0
Фельдшер по приему вызовов передаче их выездным бригадам,228.0
Заместитель главного врача по мед обслуживанию населения,281.0
Рабочий по обслуживанию зданий сооружений,1633.0
Главный специалист по го чс,
Санитарка стационара дневного пребывания,590.0
Палантная санитарка,255.0
Начальник штаба по мр го,594.0
Экспедитор,561.0
Врач педиатр районный,112.0
Врач статист,26.0
Участковый терапевт,593.0
Врач уролог-андролог,990.0
Заведующий лабораторией врач клинич лабор диагностики,67.0
Заведующий фельдшерско-акушерский пункт,1103.0
Медицинская медицинская сестра процедурной,620.0
Начальник отдела автоматизированных систем управления,829.0
Заведующий отделением врач хирург,137.0
Оператор электронных вычислительных машин,1635.0
Заведующий отделением рентгенодиагномтики,1636.0
Врач клинической лаборатории,434.0
Рабочий по ремонту зданий сооружений,1633.0
Младшая медицинская сестра по уходу за больным,605.0
Заведующая кабинетом медицинской статистики врач,1659.0
Врач травматолог ортопед,52.0
Заведующий поликлиникой врач терапевт,89.0
Заведующая педиатрическим отделением,1630.0
Заместитель главного врача по медицинский части,281.0
Заведующий отделением профилактики врач по медицинской профилактики,1674.0
Врач стоматолог общей практики,473.0
Медстатист,213.0
Санитарка травматологического кабинета,20.0
Санитарка стоматологического кабинета,20.0
Санитарка младшего мед персонала,605.0
Фельдшер по приему вызовов медицинской помощи,228.0
Санитарка эндоскопического кабинета,237.0
Санитарка общебольничного мед персонала,605.0
Санитарка акушерско-гинек кабинета,20.0
Заведующий отделением врач невролог,1627.0
Инженер по автоматизированным системам управления,618.0
Заведующий отделением профилактики врач оториноларинголог,1674.0
Заведующая паллиативным отделением врач по паллиативной медицинской помощи,835.0
Санитарка педиатрического отделения,1362.0
Санитарка оторинолар кабинета,20.0
Санитарка рентгенкабинета,20.0
Врач психиатр нарколог участковый,362.0
Специалист по ведению воинского учета,
Помощник главы администрации,117.0
Первый заместитель главы администрации,1668.0
Главный специалист-эксперт секретарь административной комиссии административная комиссия,83.0
Консультат бухгалтер,61.0
Заместитель министра строительства курской области,478.0
Министр строительства курской области,478.0
Первый заместитель министра строительства курской области,478.0
Инженер по ремонту обслуживанию медицинского оборудования,152.0
Заведующий отделением врач-неонатолог,1255.0
Врач-неонатолог,106.0
Администратор средств криптографической защиты информации,1645.0
Заведующий отделением-врач-эндокринолог,190.0
Заведующий кабинетом врач-травматолог-ортопед,52.0
Заведующий отделением-врач-хирург гнойная хирургия,137.0
Заведующий отделением врач анестезиолог реаниматолог,1141.0
Приемщик белья,532.0
Заведующий отделением-врач-эндоскопист,954.0
Начальник обьединенных служб,684.0
Электромеханик медицинского оборудования,152.0
Заведующий отделением-врач-ультразвуковой диагностики,1250.0
Заведующий отделением-врач-уролог,178.0
Заведующий отделением врач-приемного отделения,55.0
Заведующий лабораторией-врач-клинической лабораторной диагностики,1637.0
Маляр-штукатур,129.0
Оператор дизель-генераторной установки,232.0
Начальник отдела информационного обеспечения систем защиты информации,1645.0
Заведующий кабинетом-врач-эпидемиолог,1305.0
Газоэлектросварщик,976.0
Главная акушерка,1106.0
Заведующий отделением -врач-акушер-гинеколог,867.0
Заведующий отделением-врач по рентгенэндоваскулярным диагностике лечению,324.0
Заведующий отделением врач по медицинской профилактике,1674.0
Заведующий отделением-врач-токсиколог,484.0
Инженер объединенных служб,684.0
Регистратор,212.0
Врач клинический фармаколог,153.0
Медицинская сестра по рефлексотерапии,1193.0
Электромеханик связи,522.0
Главный специалист-эксперт управления аграрной политики,1696.0
Главный специалист-эксперт архивного отдела,1700.0
Начальник отдела правовой работы,219.0
Специалист отдела правовой работы,219.0
Начальник отдела опеки попечительства,78.0
Начальник отдела правовой орг-й кадровой работы,1666.0
Главный специалист-эксперт отдела орг кадровой работы труда,1666.0
Специалист раз отд земел прав юр работы,1567.0
Консультант по работе административной комиссии,1662.0
Начальник отдела архитектуры строительства жкх управл инвестиц политики экономики архитектуры строит имущест земельных правоот,636.0
Консультант отдела архитектуры строительства жкх управл инвестиц политики эконом архит строит ищущест земел правоотнош,1214.0
Начальник управления аграрной политики,480.0
Консультант отдела опеки попечительства,78.0
Начальник управления инвестиционной политики экономики архитектуры строительства имущественных,1590.0
Управляющий делами администрации,38.0
Начальник отдела инвестиц политики экономики труда управл инвестиц полит эконом архитек строит имуществ зем правоотнош,636.0
Консультант отдела инвестиционной политики экономики труда,948.0
Специалист отдела архитектуры строительства жкх управл инвестиц политики эконом архит строит имущест зем правоотношений,1214.0
Главный специалист-эксперт управления инвестиционной политики имущественных правоотношений,680.0
Ведущий специалист -эксперт,450.0
Заместитель начальника отдела правовой организационной кадровой работы труда,446.0
Главный специалист-эксперт отдела земельных правоотношен инвестиционной политики экономики архитектуры строит имуществ земель правоотнош,1442.0
Специалист отдела организ кадровой работы,609.0
Начальник отдела правовой орг-й кадровой работы труда,1666.0
Главный специалист-эксперт по мобилизационной работе,295.0
Консультант управления инвестиционной политики,680.0
Главный специалист-эксперт отдела правовой организ кадровой работы профил коррупцион правоотношений,609.0
Главный специалист-эксперт по работе административной комиссии,1662.0
Консультант отдела архитектуры строительства,757.0
Консультант отдела правовой работы,219.0
Консультант отдела го чс,1647.0
Главный специалист-эксперт отдела инвестиционной политики экономики труда управления инвистиционной политики экономики архитектуры,948.0
Ведущий специалист-эксперт управления аграрной политики,1696.0
Консультант по внутреннему муниципальному финансовому контролю,1661.0
Начальник отдела строительства архитектуры,258.0
Консультант отдела правовой организационной кадровой работы труда,446.0
Начальник отдела земельных правоотношений юридической работы,1437.0
Главный специалист-эксперт главный бухгалтер управления делами,176.0
Заместитель начальника отдела аграрной политики,501.0
Начальник отдела земельных правоотношений упр инвестиц политики экономики архитектуры строительства имущест зем правоот,636.0
Главный специалист-эксперт отдела го чс,1647.0
Специалист отдела правовой организ кадровой работы профил коррупцион правоотношений,609.0
Начальник отдела экономики прогнозирования,714.0
Ведущий специалист-эксперт отдела правовой организационной кадровой работы труда,446.0
Начальник отделв правов организ кадр раб профил коррупции,1612.0
Начальника отдела го чс,1647.0
Ведущий специалист-эксперт по инфрмац кадр работе,450.0
Главный специалист-эксперт отдела загс,469.0
Главный специалист-эксперт отдела бухучета отчетности,1653.0
Глава панинского сельсовета,14.0
Начальник отдела по работе обращениями делопроизводству кадровым вопросам,1240.0
Заместитель главы мо,76.0
Специалист по земельным правоотношениям,1565.0
Глава мо,
Глава,
Главный специалист эксперт главный бухгалтер,176.0
Главный специалист эксперт,295.0
Руководитель аппарата,782.0
Председатель ревизинной комиссии,1678.0
Ведущий инспектор ревизионной комиссии,753.0
Начальник отдела финансово-бюджетного контроля,905.0
Заместитель начальника управления финансов начальник отдела бюджетного планирования межбюджетных отношений,810.0
Начальник управления финансов,1695.0
Главный специалист-эксперт отдела финансирования отчетности,982.0
Главный специалист-эксперт отдела бюджетного планирования межбюджетных отношений,810.0
Заместитель главы начальник управления,1402.0
Главный специалист-эксперт финансово-бюджетного контроля,905.0
Начальник отдела финансирования отчетности,982.0
Заведующий н-реутчанской библиотекой,
Заведующий рождественской библиотекой,
Методист по работе детьми,1219.0
Заведующий чермошнянской библиотекой,
Заведующий панинской библиотекой,
Заведующий коммунарской библиотекой,
Заведующий липовской библиотекой,
Заведующий любачанской библиотекой,
Заведующий любицкой библиотекой,
Заведующий паникинской библиотекой,
Заведующий китаевской библиотекой,
Заведующий гаховской библиотекой,
Заведующий тарасовской библиотекой,
Директор цбс,24.0
Заведующий лубянской библиотекой,
Заведующий черниченской библиотекой,
Заведующий гостомлянской библиотекой,
Заведующий знаменской библиотекой,
Заведующий в-реутчанской библиотекой,
Заведующий отделом обслуживания,145.0
Специалист центра правовой информации,426.0
Заведующий спасской библиотекой,
Заведующий отделом комплектования,1404.0
Заведующий амосовской библиотекой,
Заведующий в-дубовецкой библиотекой,
Главный специалист-эксперт по осуществлению отдельных бюджетных полномочий поселений,1007.0
Специалист отдела поселений,
Консультант бюджетного отдела,
Главный специалист-эксперт отдела учета отчетности,1653.0
Заместитель начальника управления-начальник бюджетного отдела,
Консультант отдела учета отчетности,1644.0
Начальник отдела учета отчетности,1644.0
Начальник отдела по осуществлению отдельных бюджетных полномочий поселений,1007.0
Специалист бюджетного отдела,
Главный специалист-эксперт бюджетного отдела,674.0
Ведущий специалист-эксперт отдела учета отчетности,1653.0
Ведущий специалист-эксперт бюджетного отдела,674.0
Заместитель директора по творческой деятельности,1650.0
Концертмейстер-аккомпаниатор,1464.0
Заведующий кво,13.0
Контрол,808.0
Режисс,842.0
Заведующий музеем,13.0
Заведующая костюмерной,771.0
Заведующий ромц,877.0
Специалист по методике клубной работы,755.0
Главный специалист отдел по предоставлению социальных выплат за счет средств федерального бюджета,688.0
Заместитель директора по правовым вопросам вопросам предоставления социальных выплат за счет средств федерального бюджета,1086.0
Главный специалист общий отдел,211.0
Главный специалист отдел по предоставлению социальных выплат за счет средств областного бюджета,688.0
Заместитель директора по административным финансовым вопросам вопросам предоставления социальных выплат за счет средств областного бюджета,1086.0
Режис,842.0
Заведующий методическим центром,853.0
Заведующий постановочной частью народного театра,1422.0
Хормейстер народного хора,1682.0
Режисс народного театра,1521.0
Методист по работе кадрами,334.0
Режиссер театра эстрадных миниатюр,493.0
Методист по культурно-просветительной работе,1702.0
Главный специалист главный специалист,211.0
Библиотекарь библиотеки,
Библиотекарь максимовской библиотеки,
Библиотекарь выползовской библиотеки,
Библиотекарь гридасовской библиотеки,
Библиотекарь субботинской библиотеки,
Библиотекарь орлянской библиотеки,
Библиотекарь шумаковской библиотеки,
Библиотекарь буниноской библиотеки,
Библиотекарь чермошнянской библиотеки,
Библиотекарь сараевской библиотеки,
Библиотекарь добро-колодезской библиотеки,
Библиотекарь афанасьевской библиотеки,
Библиотекарь ивановской библиотеки,
Библиотекарь плосковской библиотеки,
Библиотекарь больше-княжевской библиотеки,
Библиотекарь екатериновской библиотеки,
Библиотекарь зуевской библиотеки,
Специалист по делам молодежи,588.0
Глава поселка медвенка,380.0
Заместитель главы администрации по вопросам жкх экономики,
Начальник общего отдела администрации медвенка,
Специалиста по земельным правоотношениям,1565.0
Ведущий специалист-эксперт мест бюдж,450.0
Начальник отдела по вопросам имущества реализации целевых программ,671.0
Специалист первого разряда,923.0
Диспетчер образовательного учреждения,1167.0
Председатель квалиф комиссии,1678.0
Заместитель директора по общеобразовательной подготовке,1490.0
Заместитель директора по развитию персонала формированию прикладных квалификаций,
Заведующий учебной частью,856.0
Заместитель директора по вр социализации,
Заместитель директора по производственному обучению,37.0
Методист отделения,1387.0
Заведующий дневным отделением,1511.0
Руководитель физ воспитания,687.0
Заведующий учебно-производственными мастерскими,1063.0
Звукорежессер,
Заведующий отделением доп образования,320.0
Руководитель дипломного проектирования,25.0
Заместитель директора по инновационной работе связям общественностью,1493.0
Заместитель директора по проектному управлению,1673.0
Начальник иво,19.0
Старший мастер обучения,306.0
Электромонтер охранно-пожарной сигнализации,1318.0
Старший лаборант,234.0
Рецензент,1292.0
Начальник штаба го,594.0
Заведующий фельдшерско акушерским пунктом медицинская сестра,574.0
Врач приемного отделения-врач специалист,261.0
Заведующий фельдшерско акушерским пунктом фельдшер,228.0
Врач по физиотерапии,410.0
Врач- по физиотерапии,410.0
Врач клинической лабораторной диагностки,570.0
Заведующий фельдшерско акушерским пунктом акушер,16.0
Заведующий отделением врач кардиолог,130.0
Врач-инфекционнист,26.0
Заведующий группы анестезиологии реанимации врач анестезиолог реаниматолог,101.0
Заведующий отделением-врач приемного отделения,55.0
Начальник планово- экономического отдела,1699.0
Замеситель главного врача по экономическим вопросам,377.0
Врач ультразвуковой диагностики кабинет врача стоматолога хирурга,431.0
Врач ультразвуковой диагностики кабинет врача дерматовенеролога,431.0
Медицинская сестра поликлиника,99.0
Врач ультразвуковой диагностики кабинет врача хирурга,431.0
Заведующий амбулаторией-врач-терапевт,458.0
Медицинская брат палатный,1119.0
Заведующий фельдшерско акушерским пунктоп фельдшер,228.0
Заведующий отделением медицинской помощи врач медицинской помощи,194.0
Заведующий отделением врач травматолог ортопед,52.0
Врач ультразвуковой диагностики кабинет врача инфекциониста,431.0
Врач ультразвуковой диагностики кабинет врача невролога,431.0
Электромонтер по ремонту обслуживанию электрического оборудования,34.0
Заведующий детской поликлиникой-врач-педиатр,1630.0
Врач ультразвуковой диагностики кабинет врача оториноларинголога,431.0
Заведующий фельдшерско акушерским пунктом-фельдшер,228.0
Заместитель главного врача по амбулаторно поликлинической работе,197.0
Заведующий отделением медицинской профилактики-врач по медицинской профилактике,215.0
Заведующий отделением врач оториноларинголог,305.0
Врач ультразвуковой диагностики организационно методический кабинет для граждан имеющих право на получение набора социальных услуг,1614.0
Заведующий кабинетом медицинский статистик-врач-статистик,998.0
Заведующий детским поликлиническим отделением-врач-педиатр,1630.0
Врач-стаж,26.0
Заведующий поликлиникой врач-терапевт,89.0
Уборщик служебных помещений ср,1054.0
Заведующий врач по паллиативной медицинской помощи,835.0
Уборщик служебных помещений младший,5.0
Заведующий кабинетом фельдшер,959.0
Электромонт по ремонту эксплуатации электрооборудования,547.0
Рабочий по обслуживанию оборудования зд,41.0
Кастелянша младший,503.0
Медицинская сестра при много отделения,620.0
Заведующий лабораторией врач-лаборант,67.0
Врач при много отделения врач-терапевт,1671.0
Медицинская сестра по при му вызовов медицинской помощи передаче их выездным бригадам медицинской помощи,1584.0
Пекарь,900.0
Заведующий физкультурно-оздоровительным комплексом,1215.0
Заместитель главного врача по финансово-экономическим вопросам,377.0
Заведующий отделением медицинской реабилитации-врач-травматолог-ортопед,52.0
Мастер по ремонту,40.0
Монтажник санитарно-технических систем оборудования,437.0
Заместитель министра начальник управления жилищной политики,313.0
Глава советского района,
Заместитель начальника отдела подразделении администрации,47.0
Заместитель начальника отдела социальной защиты населения,114.0
Руководитель сектора,25.0
Начальник отдела оплаты труда,182.0
Бухгалтер по учету социальных выплат,678.0
Бухгалтер по учету доходов,96.0
Бухгалтер по учету нефинансовых активов,1329.0
Бухгалтер по учету питания общеобразовательных учреждениях,667.0
Бухгалтер по ведению лицевого счета,61.0
Бухгалтер по оплате труда,1116.0
Бухгалтер по учету питания дошкольных учреждениях,667.0
Бухгалтер по учету родительской платы,455.0
Помощник дежурного оперативного- оператор,1652.0
Помощник оперативного дежурного,1652.0
Рабочий по зданию,1001.0
Заведующий хозйством,13.0
Руководитель аппарата представительного собрания курской области,189.0
Рабочий по благоустройству населенных пунктов,293.0
Начальник отдела благоустройства,182.0
Заместитель начальника главный инженер,952.0
Начальник мку,719.0
Заместитель начальника отдела юрист,
Заведующий поликлиникой врач-оториноларинголог,1246.0
Медицинская сестра дерматовенерологического кабинета,185.0
Специалист гражданской обороны чрезвычайных ситуаций мобилизационной работы,1649.0
Заведующая фельдшерско акушерским пунктом медицинская сестра,574.0
Врач-анестизиолог-реаниматолог,101.0
Консультант по закупкам,1376.0
Заместитель начальника отдела по закупкам,1276.0
Начальник отдела по закупкам,1276.0
Начальник отдела-главный бухгалтер,88.0
Заместитель начальника юридического отдела,364.0
Инспектор по эксплуатационным производственно-техническим организационным вопросам,1253.0
Диспетчер еддс,1471.0
Инженер-программист технического отдела,1337.0
Начальник еддс,878.0
Внешнее совместительство,84.0
Слесарь электрик по ремонту оборудования,1639.0
Инструктор,33.0
Юрист,849.0
Директор по совместительству,24.0
Ведущий бухгалтер контрактный управляющий,397.0
Электромантер по ремонту обсл электроборуд,803.0
Прачка,255.0
Медицинская сестра по лечебной физкультуре,916.0
Заместитель по административно-хозяйственной работе,
Заведующая отделением социальной реабилитации,356.0
Эектромонтер,1128.0
Заведующая приемным отделением,
Секретарь-машинист,69.0
Заместитель директора по медицинской деятельности,1575.0
Главный бухгалтер-начальник финансового отдела,216.0
Оценщик,1308.0
Старший архивариус,665.0
Специалист сфере кадастрового учета,1654.0
Ведущий специалист-эксперт главный бухгалтер,176.0
Земеститель главы администрации,887.0
Консультант усзн,963.0
Начальник усзн,963.0
Ведущий-специалист усзн,863.0
Консультант по правовым вопросам управления по имуществу архитектуре земельным правовым вопросам,958.0
Главный специалист-эксперт ответственный секретарь,177.0
Главный специалист-эксперт по труду,814.0
Консультант по информац обеспечению,735.0
Консультант по проведению внутреннего муниципального финансового контроля,1661.0
Главный специалист усзн,863.0
Глава района,
Начальник отдела социально-экономического развития,1591.0
Консультант отдела по имуществу,407.0
Начальник отдела по инфор-у обеспечен управления аграрной политики,480.0
Консультант отд соц-эконом развития,1340.0
Начальник отдела архива,182.0
Начальник отд по строительству транспорту,1586.0
Начальник упрвления по имуществу архитектуре зем прав вопр аппарат управления,745.0
Начальник общего отдела,
Начальник отдела по режиму секретности моб подготовки,1326.0
Консультант по охране окружающей среды,1182.0
Главный специалист-эксперт общего отдела,1225.0
Заместитель начальника отдела по прав вопр упр по имущ,1461.0
Главный специалист -эксперт отдела по опеке,91.0
Начальник отдела по имущ земельн правоотн,1665.0
Консультант по животноводству,1153.0
Консультант отдела архив,407.0
Консультант по кадровой работе делопроизводству,1631.0
Консультант отдела бухгалтерского учета отчетности,1640.0
Начальник отдела опеки,1613.0
Специалист по отдельным полномочиям при осуществлении деятельности по обращению животными без владельцев,1007.0
Консультант отдела по опеке попечительству,91.0
Консультант отдела по правовым вопросам управления по имуществу архитектуре,958.0
Начальник отдела по дел го чс,1647.0
Начальник упрвления по имуществу архитектуре зем прав вопр,745.0
Консультант инженерно-технического сервисного обслуживания,489.0
Врач паллиативной медицинской помощи,835.0
Медицинская сестра приемного,620.0
Оператор электронно-вычислительных вычислительнызх машин,1635.0
Врач стоматолог терапевт,116.0
Медицинская сестра старобелицкого оовп,620.0
Медицинская сестра палатная педиатрического отделения,1362.0
Врач -дерматовенеролог,185.0
Медицинская сестра кашарского оовп,620.0
Врач фтизиатор уч,928.0
Врач оовп,1348.0
Специалист отдела гражданской обороны чрезвычайных ситуаций мобилизационной работы,1649.0
Заведующий поликлиникой врач -терапевт,89.0
Дерматолог венеролог,626.0
Начальник планово экономического отдела,1699.0
Заместитель главный врача по медицинской части,304.0
Заместитель директора по экспертизе проектной документации результатам инженерных изысканий,1024.0
Главный эксперт,537.0
Заместитель директора по проверке достоверности определения сметной стоимости,965.0
Начальник отдела приемки документации информатизации кадровой работы,1631.0
Ведущий экономист по договорной работе,696.0
Заместитель директора по ценообразованию,37.0
Начальник отдела проверки достоверности определения сметной стоимости,965.0
Специалист по приему документов,1129.0
Начальник отдела ценообразования,182.0
Начальник отдела проверки сметной стоимости текущего капитального ремонта благоустройства территории,965.0
Начальник отдела государственной экспертизы проектной документации результатов инженерных изысканий,1024.0
Экономист по договорной работе,696.0
Начальник отдела-контрактный управляющий,397.0
Контролер-кассир,585.0
Ведущий эксперт управления,766.0
Ведущий эксперт по режиму секретности,1326.0
Заместитель председателя правительства курской области председатель комитета,141.0
Заместитель начальника умк,424.0
Главный консультант умк,164.0
Заместитель председателя комитета начальник умк,147.0
Эксперт по мобилизационной подготовке,75.0
Договор подряд,607.0
Инструктор по физич культ,1623.0
Помощ воспит,1624.0
Музыкальный работник,108.0
Заместитель руководителя службы автоматизированных систем управления закупочной деятельности,1239.0
Ведущий специалист технической поддержки,611.0
Бухгалтер ревизор,351.0
Специалист технической поддержки,611.0
Специалист по управлению персоналом,123.0
Заместитель генерального директора руководитель службы автоматизированных систем управления закупочной деятельности,1239.0
Заместитель руководителя службы по организации бюджетного учета отчетности,1685.0
Заместитель генерального директора по организационно-правовому обеспечению деятельности финансовому контролю,
Заместитель генерального директора руководитель службы по организации бюджетного учета отчетности,1685.0
Заместитель руководителя службы по организации бюджетного учета отчетности главный бухгалтер,1685.0
Заместитель руководителя службы организационно-правового обеспечения деятельности,772.0
Заместитель генерального директора руководитель службы организационно-правового обеспечения деятельности,772.0
Заместитель директора руководитель службы по организации бюджетного учета отчетности,1685.0
Заместитель генерального директора по организации исполнения бюджета ведомственного финансового контроля,804.0
Первый заместитель генерального директора руководитель службы организационно-правового обеспечения деятельности,772.0
Заместителя начальника отдела,
Специалист по пожарной профилактике,1318.0
Заместитель генерального директора по организации исполнения бюджета финансового контроля,804.0
Начальник финансового управления администрации,1692.0
Заместитель начальника финансового управления адмитнистрации,1664.0
Начальник отдела по бухгалтерскогому учету финансового управления администрации,1692.0
Консультант отдела по бухгалтерскогому учету финансового управления администрации,1692.0
Консультант финансового управления администрации,1692.0
Главный специалист эксперт отдела по бухгалтерскому учету финансового управления администрации,1692.0
Главный специалист-эксперт отдела социального обеспечения администрации курской области,1166.0
Начальник отдела социального обеспечения администрации курской области,1166.0
Убрщик служебного помещения,115.0
Ведущий специалист-эксперт отдела социального обеспечения администрации курской области,1166.0
Учитель-лагопед,39.0
Воспитатель группы продленного дня,809.0
Заместитель директора-руководитель моц,919.0
Рабочий по комплексн обсл зданий,1663.0
Заведующая архивом,812.0
Оператор спортзал,70.0
Заместитель директора по хозяйственным вопросам безопасности,904.0
Заместитель заведующего по административно-хозяйственной работе,1201.0
Заместитель заведующего общеобразовательного учреждения,1670.0
Специалист по кадровому делопроизводсту,1638.0
Преподаватель-организатор обжд,694.0
Руководитель физвоспитания высш квал категория,1142.0
Заведующий учебной мастерской,1143.0
Заведующая учебной практикой,856.0
Методист высш кат,979.0
Заместитель директора по безопасности образовательного процеса,1527.0
Социальный- педагог,326.0
Методист кат,979.0
Учитель на дому,
Учитель информатики,436.0
Оператор газ котельной,
Дежурный по учебному корпусу,783.0
Заведующий лабораторией,575.0
Рабочий по обслуживанию текущему ремонту зданий,1633.0
Заведующий постановочной частью,1422.0
Заведующий худож-оформител маст-ой,1217.0
Заведующий режиссерско-пост отделом,1217.0
Заведующий концертной деятельностью,1518.0
Заведующий отд народного творчества,792.0
Заведующий методики клубной работы,1599.0
Руководитель музыкальной частью,
Специалист по жанрам твор-ва,811.0
Режиссер-постановщик театра,285.0
Методист по кино,568.0
Контролер,1105.0
Художник-оформитель,144.0
Руководитель организации,25.0
Специалист по управлению имуществом отдела экономики управления имуществом,457.0
Начальник отдела по земельным ресурсам,526.0
Заместитель главы администрации начальник управления финансов,1664.0
Ведущий специалист-эксперт по охране окружающей среды отдела строительства архитектуры жкх,562.0
Заместитель главы администрации начальник управления аграрной политики,1664.0
Ведущий специалист-эксперт отдела по земельным ресурсам,526.0
Ведущий специалист эксперт по животноводству управления аграрной политики,264.0
Ведущий специалист-эксперт по правовым вопросам отдела по опеке попечительству,91.0
Глава поныровского района,
Начальник отдела по опеке попечительству,91.0
Ведущий специалист-эксперт по экономике бухгалтерской отчетности управления аграрной политики,1345.0
Ведущий специалист-эксперт по жкх отдела строительства архитектруы жкх охраны окружающей среды,839.0
Специалист отдела культуры по делам молодежи фк спорту,730.0
Специалист отдела загс,158.0
Главный специалист-эксперт комиссии по делам несовершеннолетних защите их прав,225.0
Главный специалист-эксперт по общим вопросам,398.0
Начальник отдела по защите гостайныи мобилиз подготовке,1645.0
Начальник отдела экономики управления имуществом,1536.0
Главный специалист-эксперт по правовой работе,1681.0
Ведущий специалист эксперт отдела соц обеспечения,727.0
Специалист соц обеспечения,1689.0
Заместитель начальника отдела соц обеспечения,727.0
Начальник отдела соц обеспечения,727.0
Заместитель главы администрации управляющий делами,1174.0
Начальник отдела культуры по делам молодежи фк спорту,730.0
Ведущий специалист-эксперт по организационной работе,268.0
Ведущий специалист-эксперт административной комиссии,1183.0
Специалист по растениеводству управления аграрной политики,1696.0
Начальник отдела строительства архитектуры жкх охраны окружающей среды,839.0
Ведущий специалист-эксперт по внутреннему муниципальному финансовому контролю,1661.0
Ведущий специалист-эксперт по фк спорту отдела культуры по делам молодежи фк спорту,730.0
По договору,388.0
Ведущий специалист-эксперт по экономике отдела экономики управления имуществом,1536.0
Консультант по информационным технологиям муниципальным услугам защите информации,1601.0
Ведущий специалист-эксперт по охране окружающей среды отдела строительства архитектуры жкх охраны окружающей среды,562.0
Заместитель начальника еддс -старший дежурный оперативный,151.0
Помощник дежурного оперативного-оператор,1652.0
Председатель контрольно-счетного органа,523.0
Ведущий специалист-эксперт контрольно-счетного органа,523.0
Ведущий специалист-эксперт ревизионной комиссии,753.0
Заместитель главы администрации по жкх,
Консультант администрация,1662.0
Главный специалист -эксперт,295.0
Заместитель главы администрации по соц вопросам,
Заместитель главы администрации управделами,
Начальник отдела по общим вопросам,398.0
Дневной сторож,560.0
Заместитель главы по социальным вопросам,438.0
Глава солнечного,
Рабочий по благоустройству,293.0
Заместитель главы по финансовым вопросам,941.0
Заместителя главы по социальным вопросам,438.0
Техслужащая,1424.0
Оператор газовой установки,232.0
Заместитель главы действующий муниципальный советниу 1-го класса,1547.0
Ведущий специалист-эксперт референт муниципальной службы класса,125.0
Глава муниципального образования,800.0
Палатная санитарка,729.0
Медицинская сестра по диетическому питанию,1336.0
Завсклад,703.0
Рабочая по обслуживанию бани,1331.0
Высшее должностное лицо,1626.0
Начальник управления сельского хозяйства,214.0
Заведующая канцелярией,893.0
Заместитель начальника по опеке,424.0
Ведущий специалист-эксперт по опеке,450.0
Заведующий рмк,1026.0
Методист по библиотечному фонду,697.0
Методист по воспитательной работе,1687.0
Методист по дошкольному образованию,704.0
Методист по учебным дисциплинам воспитательной работе,1687.0
Методист по учебным дисциплинам тсо,1687.0
Тренер по лапте,169.0
Тренер по подв игры,169.0
Тренер по волейболу,169.0
Тренер по футболу,169.0
Тренер по баскетболу,169.0
Тренер по дзюдо,169.0
Заведующая фельдшерско-акушерским пунктом фельдшер,228.0
Врач клинико-лабораторной диагностики,570.0
Врач -стоматолог ортопед,422.0
Врач- функциональной диагностики,72.0
Фельдшер кабинета медицинской профилактики,1515.0
Рабочий по стирке белья ремонту одежды,245.0
Специалист гражданской обороны чрезвычайных ситуаций мобилизационных работ,685.0
Медицинская сестра кабинета врача деского уролога-андролога,95.0
Водитель автомобиля ii кв учебной работе,1451.0
Врач -ультразвуковой диагностики,113.0
Медицинская сестра кабинета врача-детского хирурга,167.0
Медицинская сестра кабинета врача-травматолога-ортопеда детском отделении,52.0
Медицинская сестра кабинета охраны зрения детей,135.0
Заведующий поликлиникой врач психиатр,90.0
Санитар водитель,162.0
Врач -эндоскопист,325.0
Медицинская сестра лор кабинета,605.0
Медицинская сестра детского офтальмологического кабинета,1226.0
Заведующая фельдшерско-акушерским пунктом -акушерка,228.0
Медицинская сестра по приему передачи вызовов,620.0
Медицинская сестра кабинета детского невролога,1072.0
Заведующий кабинетом врач-статистик,998.0
Медицинская сестра кабинета детского акушера-гинеколога,682.0
Врач -анестезиолог-реаниматолог,101.0
Врач-психиатр- нарколог,362.0
Заведующий детским поликлиническим отделением -врач -педиатр,1630.0
Рабочий по комплексному обслуживанию ремонту,1663.0
Заведующий аптечным,13.0
Начальник-отдела-провизор-технолог отдел реализации,1379.0
Фасовщица,376.0
Заведующий медицинским мобилизационного резерва,1581.0
Ведущий инженер по спецработе,319.0
Начальник отдела-провизор-технолог отдел уничтожени,1379.0
Начальник отдела реализации,271.0
Начальник медицинского,1265.0
Контролер кассир,585.0
Помощник дежурного оперативного оператор,1652.0
Ио заместителя начальника управления-начальник отдела транспортного хозяйственного обеспечения,
Начальник отдела транспортного хозяйственного обеспечения,
Начальник отдела хозяйственного обеспечения,639.0
Старший инспектор еддс,1500.0
Помощник главы администрации по режиму секретности мобилизованной работе,117.0
Помощник главы администрации по правовым вопросам,117.0
Глава суджанского района,
Врио управляющий делами администрация,
Помощник главы администрации по мобилизационной работе,117.0
Ведущий специалист эксперт референт муниципальной службы класса,125.0
Заместитель начальника управления начальник отдела,183.0
Заместитель начальника управления-начальника отдела земельных имущественных отношений управления строительства муниципального имущества администрации,1168.0
Главный специалист эксперт референт муниципальной службы класса,125.0
Заместитель главы администрации -начальник управления строительства муниципального имущества администрации курской области,1664.0
Начальник отдела референт муниципальной службы класса,125.0
Заместитель главы администрации начальник управления,1664.0
Консультант главный бухгалтер референт муниципальной службы класса,125.0
Врио заместитель главы администрации -начальника управления,1066.0
Заместитель начальника управления начальник отдела муниципальный советник класса,
Начальника отдела земельных имущественных отношений,1168.0
Консультант главный бухгалтер,642.0
Главный специалист-эксперт отдела жкх транспорта связи,1285.0
Врио заместитель главы администрации -начальника управления сельского хозяйства жкх го чс администрации курской области,1066.0
Заместитель начальника управления начальник отдела апк природопользования,183.0
Главный специалист-эксперт отдела апк природопользования,413.0
Ведущий специалист-эксперт отдела апк природопользования,413.0
Начальник отдела жкх транспорта связи,1285.0
Ведущий специалист-эксперт отдела жкх транспорта связи,1285.0
Ведущий специалист отдела бюджетного учета учреждений подведомственных управлению образования администрации курско,1082.0
Ведущий специалист отдела бюджетного учета администрации курской области,708.0
Директор главный бухгалтер,521.0
Начальник отдела бюджетного учета администрации курской области,708.0
Заместитель директора главного бухгалтера,1679.0
Заместитель начальника отдела бюджетного учета администрации курской области,708.0
Начальник отдела бюджетного учета учреждений подведомственных управлению образования администрации курской области,1082.0
Заместитель директора-заведующий,37.0
Заведующий филиалом сельской библиотекой мирный,
Специалист по учетно-хранительной деятельности,496.0
Заведующий филиалом борковской сельской библиотекой,
Заведующий филиалом воробжанской модельной сельской библиотекой,
Библиотекарь воробжанская модельная,
Заведующий филиалом гончаровской модельной сельской библиотекой,
Заведующий филиалом гуевской модельной сельской библиотекой,
Заведующий филиалом заолешеской модельной сельской библиотекой,
Заведующий филиалом погребской модельной сельской библиотекой,
Заведующий филиалом р-пореченской модельной сельской библиотекой,
Заведующий филиалом казачелокнянской сельской библиотекой,
Заведующий филиалом плеховской сельской библиотекой,
Заведующий филиалом ивницкой модельной сельской библиотекой,
Библиотекарь русскопореченская модельная,
Библиотекарь свердликовская модельная,
Библиотекарь филиала свердликовская модельная сельская библиотека,
Заведующий филиалом уланковской модельной сельской библиотекой,
Заведующий филиалом свердликовской модельной сельской библиотекой,
Заведующий филиалом замостянской модельной сельской библиотекой,
Заведующий филиалом пушкарская модельная сельской библиотекой,
Заведующий филиалом гоголевской модельной сельской библиотекой,
Заведующий филиалом малолокнянской сельской библиотекой,
Заведующий филиалом мартыновской сельской библиотекой,
Заведующий филиалом махновской сельской библиотекой,
Заведующий филиалом новоивановской сельской библиотекой,
Заведующий филиалом ч-пореченской сельской библиотекой,
Заведующий воробжанским филиалом рцнт,
Заведующий гончаровским,13.0
Заведующий пореченским,13.0
Заведующий заолешенским филиалом рцнт,
Заведующий замостянским,13.0
Зведующий филиалом цдк,
Заведующий свердликовским,13.0
Методист кинотеатр дружба,57.0
Главный специалист эксперт по молодежной политики,1423.0
Главный специалист эксперт по физической культуре спорту,552.0
Библиотекарь пвк лебедевка,203.0
Заведующий филиалом р-пореченской сельской библиотекой,
Библиотекарь пвк ч-олех,203.0
Библиотекарь пвк дарьино,203.0
Библиотекарь пвк киреевка,203.0
Заведующий филиалом -детская библиотека,
Водитель-механик,256.0
Рабочий хозчасти,451.0
Начальник асс,1375.0
Заместитель начальника асс,424.0
Заместитель начальник асс начальник отдела мто связи эксплуат зданий гуманитарного реагирования,
Начальник группы,1367.0
Спасатель,470.0
Водолаз,2.0
Заместитель начальник асс начальник отдела правового обеспечения договорной работы,1375.0
Врач специалист,269.0
Главный специалист отдела технич поддержки пс аср,
Инженер мто эксплуат здания сооруж гум реагирования,1185.0
Врач при много отделения,1399.0
Заведующий поликлиникой-врач-терапевт,89.0
Главный врач медицинской организации,1245.0
Уборщик служебных помещений любочанского фапа,355.0
Медицинская сестра процедурной высшая категория,620.0
Заведующий детским поликлиничечким отделением врач-педиатр,1630.0
Врач функциональной диагностики высшая,72.0
Мед регистатор,884.0
Заведующий спасским фельдшерско-акушерский пункт-медицинская сестра,1103.0
Медицинская сестра н-реутчанского фельдшерско-акушерский пункт,
Медицинская сестра палатная дневная,1015.0
Вр терапевт,1020.0
Акушерка фельдшерско-акушерский пункт,186.0
Уборщик служебных помещений тарасовского фапа,355.0
Заведующий хирургическим дневным стационаром,1198.0
Заведующий в-реутчанским фельдшерско-акушерский пункт-фельдшер,
Уборщик служебных помещений лубянского фапа,355.0
Заведующий амосовским фельдшерско-акушерский пункт-фельдшер,9.0
Врач-ренгенолог вторая категория,1676.0
Уборщик служебных помещений н-реутчанского фапа,
Врач -эндокринолог,190.0
Старшая медицинская сестра неврологического отделения,1102.0
Вр дерматовенеролог,1020.0
Рабочая по стирке ремонту спецодежды,975.0
Медицинская сестра черниченского фельдшерско-акушерский пункт,1487.0
Медицинская сестра врача -онколога,620.0
Заведующий паникинским фельдшерско-акушерский пункт-медицинская сестра,574.0
Медицинская сестра ппалатная,1119.0
Медицинская сестра любачанского фапа 1-я категория,355.0
Заведующий 2-го рождественского фельдшерско-акушерский пункт-медицинская сестра,574.0
Медицинская сестра в-реутчанского фельдшерско-акушерский пункт,
Заведующий в-реутчанского фельдшерско-акушерский пункт-акушерка,
Заведующий черниченским фвп-фельдшер,1487.0
Заведующий лубянским фельдшерско-акушерский пункт-фельдшер,9.0
Врач-акушер -гинеколог,867.0
Уборщик служебных помещений паникинского фапа,355.0
Фельдшер любачанского фельдшерско-акушерский пункт,186.0
Уборщик служебных помещений панинского фельдшерско-акушерский пункт,60.0
Врач-детскй хирург,1234.0
Медицинская сестра панинского фельдшерско-акушерский пункт,
Кастелянша неврологического отделения,1102.0
Уборщик служебных помещений коммунарского фапа,355.0
Фельдшер в-реутчанского фельдшерско-акушерский пункт,
Заместитель гллавного бухгалтера,1216.0
Уборщик служебных помещений в-реутчанского фапа,
Уборщик служебных помещений спасского фапа,355.0
Уборщик служебных помещений -рождественского фапа,355.0
Медицинская сестра в-реутчанского фельдшерско-акушерский пункт высш категория,
Заведующий в-дубовецкого фельдшерско-акушерский пункт-мед сестра,1103.0
Заведующий гостомлянского фельдшерско-акушерский пункт-медицинская сестра,574.0
Заведующий гостомлянского фельдшерско-акушерский пункт-медицинская сестра высш категория,574.0
Заведующий чермошнянским фельдшерско-акушерский пункт-медицинская сестра,1487.0
Уборщик служебных помещений чермошнянский фельдшерско-акушерский пункт,60.0
Уборщик служебных помещений гостомлянского фапа,355.0
Заведующий панинского фельдшерско-акушерский пункт-акушерка,1103.0
Оператор очистных сооружений,885.0
Начальник отдела го чрезвычайныхз ситуаций мобилизационной работы,1649.0
Медицинская сестра лубянского фельдшерско-акушерский пункт,186.0
Врач клинической лабор диагностики,657.0
Заведующий тарасовского фельдшерско-акушерский пункт-акушерка,574.0
Мед регистратор высшая категория,212.0
Медицинский брат по при му вызовов медицинской помощи,1584.0
Заведующая терапевтическим отд врач-терапевт,1564.0
Уборщик служебных помещений в-дубовецкого фапа,355.0
Заведующий черниченским фельдшерско-акушерский пункт-медицинская сестра,1487.0
Медицинская сестра каб профилактики высш катег,1173.0
Медицинская сестра участковая первая категория,593.0
Медицинская сестра 2-го рождественского фельдшерско-акушерский пункт,574.0
Заведующая неврологическим отделением-врач-невролог,1627.0
Фельдшер помощи,163.0
Заведующий н-реутчанским фельдшерско-акушерский пункт-фельдшер,
Медицинская сестра в-дубовецкого фельдшерско-акушерский пункт,9.0
Заведующий любачанского фельдшерско-акушерский пункт-акушерка,574.0
Ведущий инженер по охране труда,122.0
Вахтер гардеробщик,508.0
Главный специалист -эксперт отдела учета отчетности,1653.0
Начальник бюджетного отдела,
Ведущий бухгалтер отдела бюджетного учета отчетности,133.0
Ведущий бухгалтер отдела расчетов юридическими физическими лицами,525.0
Начальник отдела учета доходов санкционирования расходов,1224.0
Ведущий бухгалтер отдела учета заработной платы,447.0
Заместитель директора начальник отдела бюджетного учета отчетности,133.0
Начальник отдела расчетов юридическими физическими лицами,525.0
Заместитель начальника отдела учета заработной платы,447.0
Начальник отдела учета заработной платы,447.0
Ведущий бухгалтер отдела учета доходов санкционирования расходов,1224.0
Начальник отдела хозяйственно-эксплуатационного,658.0
Заместитель начальника отдела бюджетного учета отчетности,133.0
Ведущий бухгалтер по начислению родительской платы,455.0
Начальник отдела обеспечения деятельности учреждения,1469.0
Диспетчер пожарной связи,1231.0
Заместитель начальника пожарной части,1294.0
Инструктор противопожарной профилактики,1593.0
Начальник караула,19.0
Мастер гдзс,40.0
Командир отделения,1387.0
Начальник пожарной части,1294.0
Начальник учебного пункта,1688.0
Начальник отряда технической службы,545.0
Начальник службы,317.0
Заместитель начальника службы,424.0
Заместитель начальника- начальник отдела кадров мобилизационной работы делопроизводства,1667.0
Заведующий отделением-врач-гериатр,370.0
Заведующий отделением- врач- невролог,1627.0
Заведующий офтальмологическим дневным стационаром врач-офтальмолог,1226.0
Заведующий отделением анестезиологии-реаниматологии-врач-анестезиолог-реаниматолог,1141.0
Заведующий оториноларингологическим дневным стационаром врач-оториноларинголог,328.0
Заведующий женской консультацией-врач акушер-гинеколог,205.0
Заведующий отделением-врач-неонатолог,1255.0
Заведующий отделением-врач-стоматолог детский,
Фельдшер по приему вызовов медицинской помощи передачи их выезд бригадам медицинской помощи,228.0
Заведующий отделением врач уролог,178.0
Заведующий отделением-врач-стоматолог-терапевт,116.0
Заведующий зуб тех лабораторией зубной техник,408.0
Полировщик,
Заведующий кабинетом врач-эпидемиолог,1305.0
Вра-педиатр,1519.0
Слесарь-электрик по ремонту обслуживанию электрооборудования,1639.0
Заведующий отделением врач -онколог,499.0
Врач лечебной физкультуры,1047.0
Специалист штаба гражданской обороны чрезвычайных ситуаций мобилизационной работы,1649.0
Заведующий отделением-врач-стоматолог-ортопед,422.0
Начальник управления финансов администрации города льгова курской области,1695.0
Заместитель начальника управления финансов,1664.0
Художественный руководитель забужевский,
Заведующий забужевский,
Художественный руководитель песчанский,
Заведующий щеголянский,771.0
Хормейстер народ коллект любител художем творчес вок анс здравица,160.0
Художественный руководитель беличанский,
Художественный руководитель гирьянский,
Заведующий корочанский,13.0
Руководитель клубного формирования самодеятельности коллектива вокального пения,73.0
Заведующий долгобудчкий,13.0
Художественный руководитель щеголянский,
Заведующий песчанский,
Заведующий озеркавский сельский дом культуры филиал мкук беловский центр культуры досуга,1482.0
Художественный руководитель кондратовский,
Киномеханик беличанской киноустановки,98.0
Руководитель клубного формирования по интересам -художественное слово,73.0
Завед сектором по прокату демонстрированию кино видеофильмов киномеханик беловской киноустановки,98.0
Хормейстер народ коллект любител художем творчес вок анс девчата,160.0
Киномеханик пенской киноустановки,98.0
Художественный руководитель вишневский,
Культорганизатор долгобудский,891.0
Хормейстер народ коллект любител художем творчес мужск вокал анс,160.0
Заведующий кондратовский,
Заведующий ильковский,
Заведующий бобравский,
Заведующий вишневский,
Заведующий гирьянский,
Заведующий камышанский,
Заведующий коммунаровский,
Руководитель клубного формирования любител объединения декорат-прикладного творчества,73.0
Киномеханик вишневской киноустановки,98.0
Художественный руководитель коммунаровский,
Руководитель кружка сольного пения,777.0
Художественный руководитель камышанский,
Заведующий долго-колодезьский,13.0
Художественный руководитель бобравский,
Хормейстер любительского вокального или хорового коллектива,1046.0
Художественный руководитель лошаковский,
Художественный руководитель пенский,
Заведующий беличанский,
Художественный руководитель корочкинский,
Аккоомпаниатор,299.0
Хормейстер народ коллект любител художем творчес ильковский,160.0
Заведующий пенский,
Балетмейстер хореографического коллектива,1071.0
Заведующий лошаковский,
Хормейстер образцового художественного творчества театра эстрады,1453.0
Художественный руководитель малосолдатский,
Заведующий суходольский,13.0
Заведующий малосолдатский,
Инженер-эдектрик,27.0
Администратор гто,1407.0
Главный специалист-эксперт администрации,1616.0
Начальник отдела организационной кадровой работы архивного делопроизводства,1631.0
Консультант по компьютерному обеспечению,735.0
Главный специалист-экспертпо кадровой работе,1631.0
Управляющий делами администрации курской области,38.0
Ведущий специалист эксперт административной комиссии,1183.0
Главный специалист-ответственный секретарь кдн,930.0
Глава беловского района,
Первый заместитель главы администрации по финансово-экономическим вопросам,563.0
Ведущий специалист эксперт по экономике реформе апк,450.0
Главный специалист-эксперт по труду отдела экономики прогнозирования трудовых отношений,714.0
Главный специалист-эксперт отдела экономики,327.0
Заместитель начальника управления по строительству архитектуре администрации,1293.0
Главный специалист-эксперт управления строительства архитектуры земельных отношений муниципального,224.0
Заместитель главы администрации по социальным вопросам,438.0
Главный специалист эксперт по инженерно- техническому сервисному обслуживанию апк,295.0
Главный специалист-эксперт по размещению заказов на поставки товаров выполнение работ оказание услуг,1560.0
Консультант по труду отдела экономического развития прогнозирования трудовых отношений,379.0
Главный специалист- эксперт отдела- бухгалтер,1653.0
Заместитель главы администрации начальник отдела аграрной политики,501.0
Ведущий специалист-эксперт по опеке попечительству,776.0
Главный специалист эксперт по строительству транспорту,1586.0
Главный специалист-эксперт отдела по го чс администрации курской области,1647.0
Начальник управления строительства архитектуры тэк жкх транспорта,1398.0
Главный специалист-эксперта по мобилизационной подготовки,1158.0
Техник- электрик,82.0
Ответственный за обеспечение безопасности дорожного движения,750.0
Заместитель начальника еддс,340.0
Рабочая кухни,222.0
Заместитель заведующий по воспитательной работе,1687.0
Электрик-техник,82.0
Кочегар котельной,693.0
Тьютер,512.0
Начальник котельной,
Рабочий по обслуживанию тепловых сетей,743.0
Администратор моц,1075.0
Пед дополнительного образования,1150.0
Учитель математики,896.0
Учитель русского языка,251.0
Учитель физкультуры,1205.0
Рабочий по двору,451.0
Учитель изо,1140.0
Учитель истории,346.0
Учитель английского языка,784.0
Соц педагог,1107.0
Учитель физики,1233.0
Учитель музыки,529.0
Педагог- библиотекарь,166.0
Учитель географии,39.0
Учитель биологии,359.0
Учитель химии,1068.0
Рабочий по комплексному ремонту демонтажу,1663.0
Секретарь-машенистка,79.0
Лаборант станции хво,1034.0
Дежурный системы,311.0
Ведущий техник,394.0
Председатель представительного собрания,518.0
Главный специалист-эксперт представительного собрания,518.0
Начальник отд культуры,807.0
Начальник отд общего образования воспитания инспектирования образов учр,1463.0
Начальник отдела по правовым вопросам,1681.0
Начальник отд соцзащиты населения,807.0
Начальник отдела молодежной политики,818.0
Секретарь-машинстка администрации курской области,
Заведующий отделом писем,1636.0
Заведующий отделом рекламы подписки,1636.0
Педогог-психолог,392.0
Инструктор по физкультуре,33.0
Звукорежисс,
Методист по smm-продвижению соцмедиа,404.0
Аккомпаниатор концертмейстер,1464.0
Заместитель главы администрации города,312.0
Консультант по управлению имуществом,457.0
Консультант по вопросам земельных правоотношений,1396.0
Главный специалист-эксперт по эксплуатации инженерных коммуникаций,850.0
Главный специалист-эксперт-жилищный инспектор,295.0
Главный специалист-эксперта по информационным технологиям защите информации связи вычислительной техникитроля,1188.0
Консультант по вопросам транспорта связи муниципальных закупок,652.0
Начальник отдела экономики муниципальных закупок потребительского рынка предпринимательства транспорта,1094.0
Первый заместитель главы администрации города льгова,740.0
Консультант по кадрам организационным вопросам,1631.0
Главный специалист-эксперт по вопросам потребительского рынка предпринимательства,1094.0
Консультант ответственный секретарь административной комиссии,177.0
Главный специалист-эксперт по документальному обеспечению архивным вопросам,295.0
Начальник отдела культуры молодежной политики спорта,1655.0
Консультант по жилищно-бытовым вопросам,858.0
Консультант по вопросам го чс,1648.0
Главный специалист-эксперт по вопросам молодежной политики отдела культуры молодежной политики спорта,1655.0
Заместитель главы администрации города льгова начальник отдела жкх,740.0
Главный специалист-эксперт по вопросам строительства отдела архитектуры градостроительства,733.0
Глава города,275.0
Главный специалист-эксперт по вопросам муниципальных закупок эксплуатации вычислительной техники,1316.0
Главный специалист эксперт по вопросам внутреннего муницип финансового контроля,1690.0
Врио главы города льгова курской области,1127.0
Консультанта по жилищно-бытовым вопросам,858.0
Главный специалист-эксперт по вопросам управления имуществом,208.0
Начальника юридического отдела,364.0
Консультант по вопросам архитектуры градостроительства,1069.0
Главы города льгова,1127.0
Главный специалист-эксперт отдела бухгалтерского учета,1653.0
Главный специалист-эксперт по вопросам строительства,733.0
Консультанта по вопросам архитектуры градостроительства,1069.0
Консультанта отдела бухгалтерского учета,333.0
Начальник отдела экономики управления имуществом транспорта торговли связи аппарат,1536.0
Ведущий специалист-эксперт по вопросам трудовых отношений,724.0
Заместитель главы администрации города аппарат,312.0
Консультант ответственный секретарь комиссии по делам несовершеннолетних,415.0
Начальник отдела бухгалтерского учета,333.0
Управляющего делами администрации города льгова,740.0
Консультант по вопросам сфере трудовых отношений,724.0
Ведущий специалист-эксперт ответственный секретарь комиссии по делам несовершеннолетних,415.0
Заместитель главы администрации города по социальным вопросам,312.0
Консультант по кадрам организацтонным вопросам,1631.0
Начальник отдела архитектуры градостроительства,86.0
Начальник отдела архитектуры градостроительства главный архитектор,86.0
Консультант отдела бухгалтерского учета,333.0
Начальника отдела бухгалтерского учета,333.0
Главный специалист-эксперт по вопросам го чс,1648.0
Заместитель начальника отдела бухгалтерского учета,333.0
Начальника отдела жкх,1121.0
Начальник отдела жкх,1121.0
Главный специалист-эксперт по эксплуатации инженерных коммуникаций отдела жкх,850.0
Главного специалиста-эксперта-жилищного инспектора отдела жкх,1230.0
Главный специалист-эксперт по вопросам арендной платы за землю,295.0
Начальника отдела культуры молодежной политики спорта аппарат,1655.0
Медицинская сестра-массажист,620.0
Дежурная медицинская сестра,1328.0
Инструктор-метадист,33.0
Директор внешкольного учреждения,732.0
Аппаратчик водоочистки,495.0
Рабочий по обслуживанию плоскостных сооружений,41.0
Специалист по делупроизводству,123.0
Тренер-преподаватель квал категория,301.0
Бухгалтер род плата,61.0
Экономист-документовед,535.0
Заместитель начальника по казенным учреждениям,424.0
Главный специалист-эксперт по назначению выплате ежемесячной выплаты на детей возрасте от трех до семи лет включительно,610.0
Ведущий специалист-эксперт по назначению выплате ежемесячной выплаты на детей возрасте от трех до семи лет включительно,610.0
Рабочий по обслуживанию текущему ремонту зданий сооружений,1633.0
Советник директра,233.0
Инженер по охране труда технике безоп,1680.0
Учитель-педагог,30.0
Рабочий по обслуживанию текущему ремонту зданий сооружений оборудованию,1633.0
Педагог организатор основам безопасности жизнедеятельности,1641.0
Учитель технологии,358.0
Рабочий по коз,451.0
Учитель русского языка литературы,251.0
Учитель истории обществознания,346.0
Советник директора по воспитанию,1307.0
Учитель физической культуры,1205.0
Главный специалист-эксперт по вопросам образования,107.0
Главный специалист-эксперт по вопросам архитектуры градостроительства,733.0
Главного специалиста-эксперта отдела образования,1230.0
Начальника отдела образования,1688.0
Рабочий по комплексному ремонту зданий,1663.0
Моечные кухонной посуды мойщицы,282.0
Заместитель заведующий по административно-хозяйственной работе,1628.0
Рабочий по обслуживанию ремонту зданий сооружений,1633.0
Ио заведующего,660.0
Рабочий по обслуживанию текущемуремонту зданий сооружений оборудования,1633.0
Учитель- логопед,54.0
Инструктор по физ культуре,1675.0
Педагог-преподаватель основам безопасности жизнедеятельности,749.0
Рабочи обслуживанию зданий,1430.0
Социальный педогог,1117.0
Педагог внеурочной деятельности,966.0
Председатель ревизионной косиссии,1678.0
Инспектор-ведущий специалист-эксперт ревизионной комиссии,753.0
Консультант управления финансов администрации,429.0
Инжинер программист,861.0
Контролер технического состояния автомототранспортных средств,1669.0
Водитель специалист транспорта,62.0
Специалист по методике клубной работы информационной деятельности,755.0
Бехгалтер ревизор,351.0
Бухгалтер-ревизор,351.0
Заместитель главного-бухгалтера-начальник отдела нефинансовых активов,240.0
Заведующий филиалом верхнесмородинский сдк,
Заведующий филиалом матвеевский сдк,
Заведующий филиалом ольховатский сдк,
Заведующий филиалом горяйновский сдк,
Заведующий отделом по культурно-досуговой работе,790.0
Заведующий филиалом игишевский сдк,
Заведующий филиалом брусовской сдк,
Заведующий филиалом возовский сдк,
Заведующий филиалом 2-й поныровский сдк,699.0
Руководитель дискотеки,951.0
Заведующий филиалом первомайский сдк,
Заведующий филиалом березовецкий сдк,
Заведующий сектором досуга любительских обьединений,527.0
Заведующий филиалом бобровский сдк,
Руководитель самодеятельного коллектива,330.0
Руководитель танцев,25.0
Заведующий филиалом становской сдк,
Художествкнный руководитель,25.0
Заведующий отделом по информационно-методической деятельности,1636.0
Заведующий отделом кадров,1636.0
Художник-декоратор,357.0
Заведующий филиалом 1-й поныровский сдк,699.0
Руководитель вокального кружка,586.0
Заведующая филиалом брусовская сельская библиотека,
Библиотекарь абонемента,416.0
Заведующая филиалом бобровская сельская библиотека,
Библиотекарь читального зала,259.0
Главный библиотекарь передвижного фонда,781.0
Главный библиотекарь сектора оик,1115.0
Заведующая филиалом возовская сельская библиотека,
Библиотекарь сектора обработки комплектования,1115.0
Заведующая филиалом матвеевская сельская библиотека,
Заведующая филиалом горяйновская сельская модельная библиотека,4.0
Заведующая филиалом березовецкая сельская библиотека,
Заведующая филиалом поныровская сельская модельная библиотека,4.0
Заведующая филиалом в-смородинская модельная библиотека,4.0
Заведующая филиалом игишевская сельская модельная библиотека,4.0
Заведующая филиалом ольховатская сельская библиотека,
Заведующая филиалом первомайская сельская библиотека,
Заведующая филиалом поныровская сельская библиотека,
Библиотекарь цпи,
Библиотекарь центра правовой информации,426.0
Заведующая филиалом становская сельская библиотека,
Техслужающий,1290.0
Техслужащий,1290.0
Заместитель председателя комитета начальник управления проектной деятельности,147.0
Заместитель председателя комитета начальник управления контроля сфере закупок,147.0
Директор департамента,1534.0
Директор дши,1261.0
Рабочий по стирке ремонту специалист одежды,1657.0
Заведующий детским садом,433.0
Тренер-преподаватель по спорту,301.0
Директор спортивной школы,1522.0
Рабочий по комп обслуж ремонту зданий,1633.0
Руководитель моц,919.0
Руководитель студии циркового искусства,1212.0
Аккомпаниатор народного хора,1682.0
Техник сцены,1203.0
Хормейстер народного ансамбля,1682.0
Методист по работе кгу,334.0
Аккомпаниатор ансамбля народных инструментов,1021.0
Светооператор,
Дирижер ансамбля народных инструментов,1021.0
Дирижер нарпдного духового оркестра,199.0
Руководитель детского образцового ансамбля,1332.0
Аккомпаниатор народного танцевального коллектива,1555.0
Балетмейстер народного хора,1682.0
Руководитель музыкальной части,
Директор мук,24.0
Аккомпаниатор народного ансамбля,1682.0
Режиссер массовых мероприятий,1186.0
Заведующий отделом методической работы,420.0
Методист по клубной работе,755.0
Аккомпаниатор народного фольклорного ансамбля,1682.0
Киномеханик-кинооператор,1162.0
Муз руководитель 1к,540.0
Педагог- психолог,92.0
Кастелянная,503.0
Воспитатель выс,43.0
Методист по дошкольному воспитанию,704.0
Методист по информатизации,57.0
Заметитель-главного бухгалтера,1679.0
Калькулятор,585.0
Заведующий фил,3.0
Заведующий фил павловка,3.0
Заведующий филиалом зорино,
Заведующий филиалом трубеж,
Заведующий фил н-солотино,3.0
Заведующий фил стрелецкое,3.0
Заведующий фил кулига,3.0
Заведующий фил усланка,3.0
Заведующий фил косиново,3.0
Заведующий фил шипы,3.0
Заведующий фил гридасово,3.0
Заведующий читальным залом,393.0
Заведующий отделом обслуж,1636.0
Заведующий фил каменка,3.0
Заведующий филиалом п-котельниково,
Заведующий фил долженково,3.0
Заведующий фил рудавский,3.0
Заведующий фил быканово,3.0
Заведующий фил белое,3.0
Заведующий фил бабино,3.0
Заведующий отделом формирования,1636.0
Заведующий фил котельниково,3.0
Заведующий фил бушмено,3.0
Заведующий фил пушкарное,3.0
Заведующий фил афанасьево,3.0
Заведующий фил р-буды,3.0
Заведующий фил м-крюки,3.0
Заведующий фил шевелево,3.0
Заведующий фил чекмаревка,3.0
Заведующий фил камынено,3.0
Заведующий детской биб-кой,
Заведующий фил картамышево,3.0
Заведующий фил филатово,3.0
Заведующий фил башкатово,3.0
Заведующий фил бегичево,3.0
Заведующий отделом киновидеообслуживания,1394.0
Заведующая фокинской библиотекой,
Заведующая фатеевской библиотекой,
Библиотекарь почепской,
Ведущий библиотекарь библиотеки семейного чтения,751.0
Заведующая дерюгинской,
Заведующая старогородской,
Заведующая березовской,
Главный библиограф инновационно-методического отдела,702.0
Ведущий библиотекарь автоматизации иинформационных технологий,1395.0
Редактор иновационно-методического отдела,
Заведующая неварской библиотекой,
Заведующая детской библиотекой,
Заведующая сектором электронных информационных ресурсов,534.0
Заведующая крупецкой,970.0
Ведущий библиотекрь центральной,
Заведуущая сектором методической работы,1372.0
Заведующая сектором комплектования обработки литературы,746.0
Главный библиотекарь абонемента,416.0
Заведующая отделом обслуживания читателей,145.0
Заведующая сектором интеллектуального чтения досуга,746.0
Заведующий сектором культ массовой работы,986.0
Заведующая краснодубравской,
Заведующая сектором информационно-библиографическогообслуживания,1372.0
Заведующая сектором автоматизации информационных ресурсов,534.0
Главный библиотекарь читального зала,259.0
Ведущий библиотекарь абонемента,416.0
Библиотекарь моршневской,
Заведующая инновационно-методическим отделом,
Заведующая сектором библиотечного обслуживания,409.0
Заведующая сектором автоматики,746.0
Библиотекарь библиотеки семейного чтения,751.0
Библиотекарь харасейской,
Заведующая фатеевской,
Заведующая генеральшинской библиотекой,
Библиотекарь городской библиотеки,
Билиотекарь абонементского ослуживания цдб,1083.0
Библеотекарь крупецкой библиотеки,970.0
Заведующая меловской,
Заведующая отделом комлектова,468.0
Заведующая сектором автоматизации,746.0
Заведующая городской библиотекой,
Заведующая сектором справочного библиографического обслуживания цдб,746.0
Зведующая снижанской библиотеки,
Ведущий библиотекарь читального зала,259.0
Библиотекарь селинской библиотеки,
Заведующая поповкинской,
Заведующая библиотеки семейного чтения,751.0
Библиотекарь цдб,1083.0
Библиотекарь петраковской,
Переплетчик,872.0
Начальник учреждения совмещение,908.0
Художественный руководитель петраковского,
Заведующая новопершинским ск,
Художественный руководитель селинского,
Заместитель директора по кинообслуживанию заведующая центром досуга,1259.0
Заведующая беререзовским,
Заведующая генеральшинским,
Художественный руководитель новопершинского,
Заведующая крупецким,
Заведующая меловским,
Заведующая петраковским ск,
Заведующая почепским,
Художественный руковрдитель почепской,
Художественный руководитель крупецкой,
Заведующая селинским ск,
Художественный руководитель фатеевского,
Заведующая фатеевским,
Заведующая неварским,
Художественный руководитель березовского,
Заведующая погодинским,
Заведующая харасейским,
Мастер ковроткач,1134.0
Художественный руководитель режисер,
Методист по фолькл ру,57.0
Заведующая методическим отделом,
Заведующая старогородским,
Заведующая дерюгинским,
Режисер массовых мероприятий,768.0
Директор мкук дмитриевский рдк,
Ковроткач,1134.0
Заведующая поповкинским,
Добавить,475.0
Заведующая краснодубравским,
Заведующая цдик,
Аккомпониатор старогородский,361.0
Заведующая отделом киновидеообслуживания,1394.0
Заведующий художественной части,1258.0
Заместитель начальника управления финансов главный бухгалтер,1664.0
Подсобный рабочий по столовой,1361.0
Техничка,394.0
Педагог бк,30.0
Главный специалист-эксперт по организационной работе бухгалтерскому учету отчетности,268.0
Начальник отдела-экономист,1577.0
Начальник отдела-бухгалтер,1653.0
Заместитель директора-главный бухгалтер,488.0
Главный специалист-экономист,717.0
Специалист по делопроизводству,938.0
Председатель ревизионной комиссии курской области,1678.0
Механик по выпуску автотранспортных средств,1278.0
Специалист по работе электронным бюджетом,344.0
Главный специалист-эксперт по управлению муниципальным имуществом земельным вопросам,208.0
Главный специалист-эксперт по работе населением,1019.0
Главный специалист эксперт по агрономии отдела аграрной политике,1696.0
Главный специалист-эксперт по внутреннему финансовому контролю,1661.0
Начальник отдела по делам го чс,1647.0
Главный специалист-эксперт ответственный секретарь административной комиссии,177.0
Главный специалист-эксперт отдела по опеке попечительству,91.0
Главный специалист эксперт по экономическому развитию прогнозированию отдела аграрной политике,1696.0
Главный специалист-эксперт по кадрам организационной работе,268.0
Помощник главы администрации по мобилизационной подготовке,117.0
Главный специалист-эксперт по организационной работе,268.0
Начальник отдела архитектуры строительства имущественных земельных правоотношений,757.0
Главный специалист эксперт по труду,814.0
Глава касторенского района,
Начальник отдела социальной защиты населения,114.0
Главный специалист-эксперт по назначению выплате пособий компенсаций,
Главный специалист-эксперт по социальной поддержке ветеранов труда,295.0
Главный специалист-эксперт администратор баз данных пэвм,459.0
Главный специалист-эксперт ответственный секретарь комиссии по делам несовершеннолетних защите их прав,225.0
Мероприятия по отлову содержанию безнадзорных животных,763.0
Специалист отдела строительства архитиктуры имущественных земельных правоотношений,1603.0
Начальник бухгалтерского учета отчетности,1640.0
Главный специалист-эксперт по правовым вопросам,1681.0
Главный специалист-эксперт бухгалтерского учета отчетности,1653.0
Начальник отдела промышленности строительства архитектуры транспорта связи жкх тэк,1189.0
По договору за обслуживание гланаз,388.0
По договору приемного родителя,388.0
Специалист информационно-технического отдела,202.0
По договору загс,388.0
Специалист по начислению выплате ежемесячной денежной выплаты на ребенка от до лет,1384.0
Главный специалист эксперт информационно-технического отдела,202.0
Медиатор,140.0
Главный специалист-эксперт по внутреннему муниципальному финансовому контролю,1661.0
По договору очистка дорог,388.0
Главный специалист-эксперт по мобилизационной подготовке,75.0
Специалист -администратор баз данных пэвм,459.0
Кочегар истопник,689.0
Заместитель директорва по воспитательной работе,1687.0
Заместитель директора по икт,1701.0
Медецинская сестра,620.0
Подсобный рабочий по кухне,1389.0
Шоф,94.0
Соправождающий детей,1408.0
Советник,233.0
Замместитель директора по административно-хозяйственной работе,1628.0
Заведующая библитекой,
Рабочая столовой,222.0
Директор центра тетирования,21.0
Главный специалист эксперт по физкультуре,295.0
Заведующий частью,1028.0
Аккомпониатор,361.0
Старший инструктор-методист физкультурно-спортивных организаций,536.0
Старший медицинский работник,1023.0
Инструктор по адаптивной физической культуре,1517.0
Медицинская сестра- анестезист,1419.0
Врач психиатр- нарколог,362.0
Заведующий фельдшерско-акушерским пунктом- акушер,16.0
Врач -лаборант,8.0
Заведующий отделением врач -рентгенолог,1676.0
Заведующий фельдшерско-акушерским пунктом- медицинская сестра,228.0
Контрол кпп,808.0
Врач стоматолог ортопед,422.0
Заведующий отделением -врач-терапевт,1671.0
Заведующий кабинетом медицинской профилактики- врач по медицинской профилактике,875.0
Заведующий клинико-диагностической лабораторией -врач клинической лабораторной диагностики,1637.0
Заведующий отделением -врач-педиатр,1630.0
Специалист по сопровождению программ,1551.0
Заведующий отделением- врач-невролог,1627.0
Заместитель директора учебной работе,348.0
Захоз,927.0
Исполняющий обязанности начальника,209.0
Начальник -главный бухгалтер,926.0
Начальник одела,1439.0
Главный специалист-эксперт по культуре,295.0
Кассир-билетер,172.0
Заместитель начальника еддс старший дежурный оперативный,151.0
Заведующий лабораторией- врач клинической лабораторной диагностики,1637.0
Заведующий поликлиникой-врач клинической лабораторной диагностики,570.0
Врач-терапевт круглосуточный стационар,882.0
Врач-терапевт дневной стационар,1015.0
Заведующий поликлиническим отделением-врач-педиатр,1630.0
Врач-невролог круглосуточный стационар,882.0
Врач-невролог дневной стационар,1015.0
Врач-невролог кабинет врача невролога,1072.0
Электромонтер по ремонту электрооборудования,1401.0
Старший оператор газовой котельной,
Заведующий поликлиникой-врач невролог,17.0
Лаборант рентг каб,234.0
Медицинская сестра кабинета врача-гастроэнтеролога,109.0
Медицинская сестра кабинета врача дерматовенеролога,185.0
Заведующая кабинетом-врач-статистик,855.0
Диет сестра,1336.0
Медицинская сестра кабинета ультразвуковой диагностики,113.0
Врач венеролог,626.0
Медицинская сестра кабинета врача психиатра,1515.0
Медицинская сестра офтальм каб,1578.0
Врач дерматолог,649.0
Заместитель главный врача по го чс мобилизац работе,93.0
Врач кабинета функц диагностики,1100.0
Медицинская сестра кабинета профилактики для взрослых,1515.0
Заведующая мдоу,
Специалист по внутреннему муниципальному финансовому контролю,1661.0
Главный специалист-эксперт по бюджету,295.0
Начальник отдела по бюджетному учету отчетности,1640.0
Главный специалист-эксперт по бюджетному учету отчетности,1640.0
Главный специалист-эксперт по экономическому развитию прогнозированию,1696.0
Начальник фэу,1420.0
Заместитель начальника фэу,1420.0
Реммастер,286.0
Консультант по правовым вопросам,1523.0
Консультант-бухгалтер,61.0
Главный специалист-эксперт по опеке попечительству управления образования,776.0
Приемный родитель,1275.0
Ведущий специалист-эксперт по опеке попечительству управления образования,776.0
Методист моц,57.0
Машинист по старший белья,532.0
Подс рабочий по кухне,573.0
Заместитель завед по административно-хозяйственной работе,
Заведующий филиалом вознесненовская,
Заведующая филиалом котовской,
Заведующий филиалом благодатенская,
Заведующая филиалом краснознаменская,
Заведующая филиалом успенской,
Заведующий филиалом андреевской,
Заведующая филиалом семеновской,
Заведующий отделом методико-библиографическим,
Заведующая филиалом егорьевской,
Заведующая филиалом краснодолинской,
Заведующая филиалом лачиновской,
Заведующая филиалом новодворской,
Заведующая филиалом ореховской,
Заведующая филиалом жерновецкой,
Заведующая филиалом алексеевской,
Заведующий отделом комплектования обработки,1404.0
Машинист по стирке ремонту специалист одежды белья,978.0
Начальник центра тестирования,465.0
Главный специалист центра тестирования,465.0
Подсобный рабочий столовой,1361.0
Воспитатель детского сада,1089.0
Рабочий по стирке белья ремонту спецодежды,
Советник директора по воситанию взаимодействию детскими общественными объединениями,1632.0
Гардеробчица,257.0
Начальник отдела организационной кадровой работы,1666.0
Заместитель главы администрации курской области,1174.0
Начальник отдела социального обеспечения,1010.0
Заместитель начальника отдела организационной кадровой работы,1666.0
Глава обоянского района,
Исполняющий обязанности первого заместителя главы администрации,262.0
Начальник отдела информатизации информационно коммуникационных технологий администрации курской области,1257.0
Первый заместитель главы-начальник управления,1402.0
Исполняющий обязанности начальника отдела правовой работы,209.0
Заместитель начальника отдела социально экономического развития учетной инвестиционной политики регулирования продовольственного рынка,551.0
Начальник отдела экономического развития прогнозирования защиты прав потребителей,1303.0
Заместитель главы администрации курской области по финансово экономическому развитию жкх,563.0
Исполняющий обязанности главы,1126.0
Первый заместитель главы администрации курской области начальник управления аграрной инвестиционной политики администрации обоян,23.0
Исполняющий обязанности заместителя главы администрации управляющий делами администрации,598.0
Исполняющий обязанности начальника отдела по управлению муниципальным имуществом земельным правоотношениям,208.0
Заместитель главы администрации курской области управляющий делами,1174.0
Исполняюший обязанности заместителя главы администрации,1485.0
Электрик участка,230.0
Главный консультант управления бюджетного планирования финансов,1643.0
Ведущий эксперт управления бюджетного планирования финансов,1643.0
Начальник управления бюджетного планирования финансов,1643.0
Заместитель министра имущества курской области,1125.0
Министр имущества курской области,1125.0
Заместитель начальника управления бюджетного планирования финансов,1643.0
Эксперт управления бюджетного планирования финансов,1643.0
Заместитель председателя по правовым вопросам начальник управл,1310.0
Ведущий эксперт управления юридического сопровождения,766.0
Главный специалист-эксперт управления бюджетного планирования финансов,1643.0
Заместитель начальника единой дежурно-диспетчерской службы,886.0
Инженер по инвентаризации строений сооружений,329.0
Специалист по бдд,123.0
Начальник отдела организации закупок,1658.0
Рабочий по уборке территории,1427.0
Заместитель начальника-специалист по охране труда,374.0
Специалист по информационным технологиям,1629.0
Юрисконсульт отдела организации закупок,1658.0
Начальник отдела кадров делопроизводства,1667.0
Рабочий по ремонту обслуживанию,1619.0
Аккомпониатор ансамбля,361.0
Заведующий гламаздинским филиалом,
Заведующий малеевским филиалом,
Заведующий дубовицким филиалом,
Заведующий клевенским филиалом,
Заведующий искровским филиалом,
Заведующий калиновским филиалом,
Библиотекарь калиновского,
Заведующий жеденовским филиалом,
Заведующий приходьковским филиалом,
Заведующий амонским филиалом,
Заведующий чупахинским филиалом,
Заведующий ольховским филиалом,
Заведующий надейским филиалом,
Заведующий петровским филиалом,
Заведующий подовским филиалом,
Заведующий луговским филиалом,
Заведующий переступлинским филиалом,
Заведующий романовским филиалом,
Заведующий деменинским филиалом,
Заведующий ветским филиалом,
Заведующий старшенским филиалом,
Заведующий прилеповским филиалом,
Заведующий сковородневским филиалом,
Заведующий сальновским филиалом,
Киномеханик ольховской к-ки,15.0
Киномеханик романовской к-ки,15.0
Киномеханик петровской к-ки,15.0
Киномеханик дубовицкой к-ки,15.0
Заведующий отделом культурно-досуговой работы,790.0
Киномеханик малеевской к-ки,15.0
Старший оператор комп набора,1267.0
Киномеханик ярославской к-ки,15.0
Киномеханик хомутовской к-ки,15.0
Киномеханик калиновской к-ки,15.0
Киномеханик алешнянской к-ки,15.0
Киномеханик деменинской к-ки,15.0
Киномеханик к-ки,15.0
Киномеханик сальновской к-ки,15.0
Заведующий отделом имд,1636.0
Заведующий отделом народного музея,792.0
Заведующий отделом кино-видеообслуживания,901.0
Киномеханик надейской к-ки,15.0
Киномеханик ветской к-ки,15.0
Киномеханик прилеповской к-ки,15.0
Заведующий подстанцией медицинской помощи врач медицинской помощи,194.0
Старший врач станции медицинской помощи,1152.0
Начальник отдела информатизации вычислительной техники,1645.0
Фельдшер медицинской помощи на психиатрической бригаде,476.0
Инженер по безопасности движения,1381.0
Машинист моечных машин,69.0
Начальник отдела эксплуатации,182.0
Главный фельдшер,163.0
Аккумуляторщик,976.0
Заведующий кабинетом статистики архивом врач статистик,1659.0
Заведующий оперативным отделом-врач медицинской помощи,993.0
Заместитель главного врача по медицинской части для работы по гражданской обороне мобилизационной работе,1229.0
Медицинский брат по приему вызовов медицинской помощи передаче их выездным бригадам медицинской помощи,1584.0
Старший оператор электронного набора верстки,121.0
Начальник отдела по вопросам культуры молодежной политики физкультуры спорта администрации курской области,1655.0
Директор мку,24.0
Начальник отдела по бюджетному учету органов местного самоуправления муниципальных учреждений,944.0
Начальник отдела по бюджетному учету учреждений образования,944.0
Начальник отдела по бюджетному учету учреждений культуры муниципальное казенное учреждение центр бюджетного учета,944.0
Консультант по юридическим вопросам,1544.0
Консультант отдела по организационной кадровой работе,1631.0
Начальник отдела экономического развития,1591.0
Начальник отдела муниципального имущества земельных правоотношений,1665.0
Первый заместитель главы администрации курской области начальник управления,23.0
Ведущий специалист эксперт по вопросам социально-экономического развития учетной политики регулирования продовольственного рынка отдела экономич,551.0
Ведущий специалист эксперт отдела пл организационной кадровой работе,1631.0
Начальник управления главный архитектор управления строительства архитектуры промышленности тэк жкх связи транспорта гочс,1398.0
Консультант отдела по информатизации государственных муниципальных услуг,798.0
Ведущий специалист эксперт отдела молодежной политики спорту,818.0
Заместитель упрв делами- начальник отдела по организациооной кадровой работе,1418.0
Заместитель главы курской области по социальным вопросам,438.0
Начальник отдела жкх управления строительства архетектуры промышленности тэк жкх связи траспорта гочс,411.0
Начальник отдела управления аграрной политики,480.0
Заместитель главы администрации курской области-управляющий делами,1174.0
Начальник отдела гочс управления строительства архетектуры промышленности тэк жкх связи транспорта гочс,411.0
Консультант отдела муниципального имущества земельных правоотношений управления аграрной политики,1665.0
Начальник отдела молодежной политики спорту,818.0
Начальник отдела по информатизации государственных муниципальных услуг,798.0
Консультант по вопросам социально-экономического развития учетной политики регулирования продовольственного рынка,551.0
Ведущий специалист-эксперт отдела по опеке попечительству,91.0
Главный специалист-эксперт отдела социального обеспечения,65.0
Главный специалист эксперт по вопросам сфере трудовых отношений,724.0
Ведущий специалист эксперт отдела загс,469.0
Главный специалист- эксперт ответственный секретарь административной комиссии,177.0
Ведущий специалист-эксперт архивного отдела,1700.0
Главный специалист эксперт ответственный секретарь комиссии по делам несовершеннолетних,415.0
Главный специалист- эксперт отдела бухгалтерского учета отчетности,1653.0
Ведущий специалист-эксперт управления стр-ва архитектуры пром-ти тэк жкх связи транспорта,1398.0
Ведущий специалист-эксперт секретарь приемной главы администрации,1242.0
Ведущий специалист эксперт отдела социального обеспечения,65.0
Главный специалист эксперт управления строительства архитектуры промышленности тэк жкх связи транспорта го чс,1398.0
Начальник отдела главный бухгалтер отдела бухгалтерского учета отчетности,1238.0
Начальник отдела-руководитель аппарата представительного собрания,189.0
Председатель контрольно счетной палаты,672.0
Ведущий специалист-эксперт управления финансов администрации,1695.0
Начальник управления финансов администрации,1695.0
Заместитель начальника управления финансов администрации,1664.0
Начальник отдела учета отчетности- главный бухгалтер управления финансов администрации,1644.0
Уборщик служебных помещений никитского сдк,1054.0
Заведующий хозяйственной частью,1460.0
Специалист по информационному обеспечению,1629.0
Заведующий машиноописным бюро,367.0
Электромеханик по испытанию ремонту электрооборудования,722.0
Первый заместитель губернатора курской области-председатель правительства курской области,405.0
Заместитель председателя правительства курской области,141.0
Советник губернатора курской области,1421.0
Заместитель директора департамента,1594.0
Помощник заместителя губернатора курской области,1707.0
Инструктор секретариата,1120.0
Заместитель начальника управления департаменте,1095.0
Помощник сенатора рф,146.0
Помощник депутата,146.0
Заместитель руководителя представительства курской области при правительстве рф,1462.0
Заместитель начальника отдела администрации,47.0
Заместитель директора департамента начальник управления,1594.0
Заместитель начальника отдела департаменте,1374.0
Заместитель губернатора курской области,405.0
Начальник управления администрации,214.0
Начальник отдела администрации,
Начальник управления департаменте,1095.0
Помощник губернатора курской области,405.0
Помощник руководителя администрации курской области,1707.0
Заместитель начальника управления администрации,242.0
Помощник заместителя председателя правительства курской области,1707.0
Старший советник губернатора курской области,1421.0
Начальник отдела департаменте,1374.0
Первый заместитель руководителя администрации курской области,1707.0
Заместитель руководителя администрации курской области директор департамента,1707.0
Руководитель представительства курской обл при правительстве рф,1462.0
Губернатор курской области,967.0
Руководитель администрации курской области,
1зам директора департамента,1594.0
Исполнитель,1576.0
Помощник заместителя губернатора курской области председателя правительства курской области,1707.0
Начальник отдела- консультант по правовой работе,1681.0
Руководитель аппарата представительного собрания,189.0
Старший повар,267.0
Воспитатель детский сад,43.0
Учитель логопед сады,54.0
Рабочий по обл здания,1001.0
Уборщик служебн помещений,300.0
Уборщик служебных помещений обслуживающий персонал,1054.0
Заместитель директора по учебно-воспитательной работе дюсш,124.0
Заместитель директора по учебно воспитательной работе,124.0
Тренер-преподаватель дюсш,301.0
Старший тренер преподаватель,11.0
Рабочий по обслужив здания,1633.0
Рабочий по обсл здания,1663.0
Учитель -логопед,54.0
Преп-орг основам безопасности жизнедеятельности,749.0
Заместитель директора по части,31.0
Учитель начальник классов,870.0
Механик внешние совместители,256.0
Раб по обслуживанию зданий,1430.0
Младший воспитатель ясельной группы,254.0
Младший воспитатель дошкольной группы,254.0
Старшая медецинская сестра,620.0
Методист по информационному обеспечению,1629.0
Методист по учебным дисциплинам,1687.0
Методист по библиотечному фонду школьных учебников,697.0
Методист по направлениям воспитательной работы,1687.0
Заведующий методкабинетом,13.0
Начальник хозяйственно-эксплуатационного отдела римк,658.0
Заместитель начальника отдела образования,1688.0
Вахтер- уборщик служебных помещений,1054.0
Грейдерист,651.0
Заместитель директора-мехпник по выпуску-диспетчер,1557.0
Специалист сфере закупок товаров работ услуг для обеспечения муниципальных нужд,1654.0
Заместитель директора по воспит работе,1595.0
Учитель вожатая,634.0
Уборщик служебных помещений гардеробщица,1054.0
Заместитель директора по учебно-воспитательной работе учитель,124.0
Временно исполняющий обязанности директора,497.0
Кладовщик рабочий кухни,341.0
Заместитель директора по воспитат работе учитель изо,892.0
Учитель начальныхклассов,39.0
Учитель иностранного языка,
Воспитатель скк,43.0
Заместитель директора по учебно-восп работе учитель математики,1008.0
Рабочий по обс зданий,1633.0
Учитель технологии информатика,358.0
Учитель -логопед школа,54.0
Препод организатор основам безопасности жизнедеятельности,1641.0
Врач нарколог,932.0
Рабочий по стирке ремонту одежды,245.0
Врач -педиатр,112.0
Преподаватель- организатор основ безопасности жизнедеятельности,1641.0
Учитель основ православной культуры,738.0
Оператор котельной год,
Преподаватель- организатор основам безопасности жизнедеятельности,1641.0
Шеф -повар,94.0
Учитель иностранного языка технологии,
Учитель математики физики,896.0
Учитель истории общ мхк,346.0
Инженер по обслуживанию компьютеров,1686.0
Преподаватель организатор основам безопасности жизнедеятельности учит физры,1641.0
Учитель технологии библиотекарь,358.0
Завхоз рабочий по обсл зданий,1663.0
Учитель химии биологии,1068.0
Старший вожатая,634.0
Дежурный по школе,311.0
Учитель изобразительного искусства,310.0
Педагог -организатор,28.0
Заместитель дир по хоз части,396.0
Учитель заместитель дир по учебно-воспитательной работе,1409.0
Организатор внек внешк воспит работы детьми,966.0
Учитель труда,668.0
Врио директора школы,1405.0
Заместитель дир по административно-хозяйственной части,1009.0
Заместитель директора по вр детьми,
Препод -организ основам безопасности жизнедеятельности учитель,641.0
Учитель математики пдо,896.0
Педагог дополнительного образования учитель ритмики,1642.0
Учитель основ духовно-нравственной культуры народов россии,1516.0
Учитель опк мхк,296.0
Учитель биологии заместитель директора по учебно-воспитательной работе,124.0
Делопроизводитель лаборант,549.0
Дети биржа,1519.0
Заместитель по учебно-воспитат работе учитель,892.0
Пионервожатая,756.0
Учитель организатор обх,280.0
Заместитель директора по воспитател ьной работе учитель,608.0
Учитель психолог лаборант,846.0
Учитель делопроизвод,39.0
Учитель библиот,566.0
Старшая вожатая библиотекарь,670.0
Преподаватель дополнительного образования,1150.0
Сопровождающая,700.0
Врач приемного отделения-врач-терапевт,261.0
Начальник отдела гражданской обороны чрезвычайных ситуа-ций мобилизационной работы,1649.0
Уборщик служеб помещений,1343.0
Оперативный дежурный еддс,389.0
Вахтер-гардеробщик,508.0
Старший вахтер,236.0
Водитель санитарного автомобиля,841.0
Медицинская сестра педиатрического кабинета,135.0
Рабочая по стрке спецодежды белья,309.0
Врач хирург стационара,
Врач хирург поликлиники,99.0
Хирург по экстренной помощи,989.0
Старшая медицинская сестра терапевтическое отделение,142.0
Медицинская сестра фтизиотрического кабинета,1515.0
Трансфузиолог,439.0
Медицинская сестра дермотологического кабинета,649.0
Санитарка рентгенкабинет,255.0
Заведующий фельдшерско-акушерским пунктом-акушер,16.0
Медицинская сестра наркологического кабинета,932.0
Специалист по гражданской обороне чрезвычайным ситуациям мобилизационной работе,1649.0
Медицинская сестра ультрозвуковой диагностики,113.0
Завхоэ,927.0
Электромонтер по обслуживанию ремонту электрооборудования,1342.0
Медицинска сестра процедурной,620.0
Заведующий лаборатории,1314.0
Врач-стоматалог общей практики,473.0
Старшая медицинская сестра хирургический дневной стационар,1198.0
Медицинская сестра кабинета иммунопрофилактики,620.0
Заведующий терапевтического отделения,142.0
Медицинская сестра стерилизатор,620.0
Специалистпо технической защите информаии,1646.0
Врач акушер-гениколог по экстренной помощи,989.0
Медицинская сестра кабинете имуннопрафилактики,620.0
Водитель неотложной помощи,1325.0
Медицинская сестра офтольмологического кабинета,1226.0
Медицинская сестра рентгенкабинета,1600.0
Заведующий лабораторией-врач-лаборант,67.0
Врач акушер-гинеколог хирургический дневной стационар,1015.0
Инжинер-электроник,898.0
Начальник отдела администрации главный бухгалтер,1160.0
Рабочий по обслуживанию электроотопления,41.0
Консультант финансового отдела по осуществлению переданных полномочий поселений,823.0
Консультант отдела организационной работы,1631.0
Консультант управления финансов,429.0
Заместитель главы администрации по строительству градостроительству дорожной деятельности жкх имущественным земельным правоотношениям,1620.0
Заместитель начальника архивного отдела,244.0
Начальник финансового отдела по осуществлению переданных полномочий поселений,823.0
Ведущий специалист эксперт отдела социального обеспеченичя,65.0
Консультант отдела стоительства градостоительства дорожной деятельности жкх,516.0
Главный специалист-эксперт по труду отдела экономического развития трудовых отношений,379.0
Консультант отдела по управлению муниципальным имуществом земельным правоотношениям,208.0
Начальник отдела организационной работы,1631.0
Консультант управления образования,1688.0
Консультант управления аграрной политики охраны окружающей среды го чс,604.0
Консультант отдела по вопросам го чс,1648.0
Главный специалист административной комиссии,1662.0
Главный специалист-эксперт комиссии по делам несовершеннолетних,225.0
Заместитель начальника социального отдела,424.0
Начальник отдела по вопросам го чс,1648.0
Начальник управления по социальной политике культуре делам молодежи физической культуре спорту,1655.0
Консулитант по социальной политики культуре делам молодежи физической культуре спорту,1655.0
Начальник управления аграрной политики охраны окружающей среды го чс,604.0
Консультант отдела записи актов гражданского состояния,407.0
Начальник отдела стоительства градостоительства дорожной деятельности жкх,516.0
Консультант отдела по управлению муниципальным имуществом земельными правоотношениям,1396.0
Начальник отдела экономического развития трудовых отношений,379.0
Консультант по защите государственной тайны администрации курской области,179.0
Заместитель главы администрации курской области по экономике финансам,601.0
Глава администрации курской области,
Главный специалист-эксперт отдела организационной работы,1631.0
Консультант отдела экономического развития трудовых отношений,379.0
Ведущий специалист эксперт архивного отдела администрайии курской области,1700.0
Консультант по вопросам промышленности жкх дорожной деятельности охраны окружающей среды архитектуры-главный архитектор,839.0
Начальник отдела по управлению муниципальным имуществом земельными правоотношениями,1396.0
Специалист отдела социального обеспечения,65.0
Начальник отдела бухгалтерского учета отчетности учреждений культуры,1070.0
Ведущий специалист отдела бухгалтерского учета отчетности органов местного самоуправления,629.0
Уборщик служебных помещений цбу,1054.0
Ведущий специалист расчетного сектора,949.0
Ведущий специалист отдела закупок,1658.0
Ведущий специалист учетного сектора,833.0
Ведущий специалист планово-экономического сектора,635.0
Заместитель директора по бухгалтерскому учету отчетности учреждений культуры,747.0
Начальник отдела бухгалтерского учета отчетности органов местного самоуправления,629.0
Главный специалист учетного сектора,833.0
Начальник отдела бухгалтерского учета отчетности учреждений образования,1070.0
Заместитель директора по бухгалтерскому учету отчетности учреждений образования,747.0
Главный специалист планово-экономического сектора,635.0
Главный специалист расчетного сектора,949.0
Главный специалист отдела закупок,1658.0
Заведующая рмк,1026.0
Заведующая художественной частью,1028.0
Заведующий автоклубом,13.0
Заведующий отделом краеведения,1636.0
Заведующий ниженским,13.0
Заведующий петровским,
Заведующий краснополянским,13.0
Заведующий липовским,13.0
Заведующий покровским,13.0
Заведующий удеревским,13.0
Заведующий нижнеольховатским,13.0
Заведующий стакановским,13.0
Заведующий толстоколодезским,13.0
Художественный руководитель стакановского,
Художественный руководитель нижнеольховатского,
Художественный руководитель исаковского,
Художественный руководитель липовского,
Заведующий новосавинским,13.0
Заведующий старосавинским,13.0
Заведующий михайловским,13.0
Художественный руководитель петровского,
Заведующий ефремовским,13.0
Художественный руководитель михайловского,
Заведующий русановским,13.0
Заведующий никитским,13.0
Художественный руководитель ниженского,
Заведующий исаковским,13.0
Председатель контрольно-счетного органа-ревизионной комиссии курской области,523.0
Тренер -преподаватель,301.0
Технический служащий,1290.0
Оператор газового оборудования,1191.0
Техническая служащая,1424.0
Инженер-проектировщик,720.0
Архитектор,624.0
Руководитель группы,1269.0
Инженер-конструктор,942.0
Главный инженер проекта,952.0
Заместитель главный бухгалтера,1679.0
Заместитель директора по пр-ву,37.0
Ведущий архитектор,624.0
1-й заместитель директора-главный инженер,342.0
Ведущий инженер-конструктор,942.0
Главный конструктор института,706.0
Инженер-лаборант 2к,
Геодезист,1308.0
Начальник хозотдела,19.0
Гидрогеолог,1526.0
Руководитель мастерской,
Юрисконсульт ег,542.0
Геолог,1510.0
Уборщица служ помещений,654.0
Оператор коп-множ техники,70.0
Главный архитектор,624.0
Машинист бур установок,517.0
Директор института,24.0
Трудовое соглашение,388.0
Специалисты,247.0
Рабочий 3р,451.0
Ведущий специалист по го чс,
Техник-геодезист,1308.0
Заведующий научно-техн библиотекой,1296.0
Главный конструктор,706.0
Инженер-проектировщик ег,720.0
Начальник иссл лаборатории,336.0
Ведущий инженер-конструтор,319.0
Заместитель директора по арх,935.0
Инженер по информ безопасности,1694.0
Заместитель директора по арх-главный арх инст,935.0
Начальник отдела администрации курской области,
Рабочий по договору,388.0
Разнорабочий,451.0
Главный специалист-эксперт-главный бухгалтер,176.0
Начальник финансового отдела,1695.0
Врач-хирург хирургичекого отделения,
Заведующий хирургическим отделением врач хирург,64.0
Дезенфектор,847.0
Медицеская сестра по функциональной диагностике,72.0
Медицинская сестра тубкабинета,620.0
Заведующий фельдшерско-акушерский пункт акушерка,574.0
Врач-хирург поликлиники,99.0
Медицинкая сестра по паллиативной медицинской помощи,835.0
Оператор электронно-вычислительных машин вм,1635.0
Оператор службы медицинских газов,533.0
Акушерка родильного отделения,631.0
Медицинская сестра врача-психиатра,1327.0
Акушерка акушерского отделения,631.0
Врач приемного отделения врач -терапевт,261.0
Заведующий акушерским отделением,1636.0
Заведующий кдл врач лаборант,8.0
Инженер-механик,256.0
Медбрат палатный,1533.0
Заведующий амбулаторно-поликлиничеким отделением,1478.0
Водитель отделения помощи,1325.0
Инструктор по тренажерному залу,1497.0
Инструктор по бильярду,33.0
Мастер,40.0
Заведующая организационно-методическим отделом,
Руководитель духового оркестра,1706.0
Режисс массовых мероприятий,768.0
Тех служащая,481.0
Замдиректора,1014.0
Пед организатор,280.0
Электромеханик,522.0
Заместителя главы администрации,1485.0
Начальник отдела учета учреждениях образования,1110.0
Начальник отдела учета учреждениях культуры,1110.0
Начальник отдела учета омсу,767.0
Юрист-консульт,467.0
Заведующий спорткомплексом,13.0
Заместитель директора по спорт -массовым мероприятиям административно-хозяйственной части,1009.0
Заведующая методико-библиографическим отделом,1043.0
Библиотекарь-комплектатор,
Эксперт по комплектованию библиотечного фонда,1566.0
Заведующий отделом библиотеки,1636.0
Главный специалист по охране труда,374.0
Методист по работе любительскими объединениями коллективами,334.0
Дирижер оркестра народных инструментов,1243.0
Методист по героико-патриотическому воспитанию,57.0
Заместитель директора по административно-хозяйственной деятельности,1628.0
Руковолитель музыкальной части дискотеки,
Главный специалист по кадрам,187.0
Аккомпаниатор оркестра народных инструментов,1243.0
Столяр по изготовлению театральных декораций,969.0
Преподаватель высшей квалификационной категории,933.0
Преподаватель без квалификационной категории,933.0
Концертмейстер высшей квалификационной категории,419.0
Концертмейстер без квалификационной категории,100.0
Преподаватель квалификационной категории,933.0
Концертмейстер квалификационной категории,100.0
Учитель иностранный язык,
Лаборант физики,1233.0
Лаборант химии,707.0
Учитель русский язык литература,
Учитель обществознания,973.0
Заведующая сельской библиотекой,
Заведующая чит залом,393.0
Руководитель по вокалу,1268.0
Рабочий по стадиону,451.0
Начальник отдела хозяйственного обслуживания,639.0
Заместитель руководителя начальник еддс,180.0
Уборщиик производственных служебных помещений,1371.0
Старшый вожатый,572.0
Учитель рисования черчения,1569.0
Учитель трудового обучения,39.0
Заместитель главы поселка золотухино,1656.0
Глава поселка золотухино,380.0
Заместитель главы администрации поселка золотухино,1656.0
Начальник отдела администрации поселка золотухино,1416.0
Заместитель главы поселка- главный бухгалтер,1656.0
Программист осн,104.0
Заместитель руководителя-начальник еддс,180.0
Начальник отдела строительства архитектуры жкх,258.0
Консультант по мобилизационной подготовке,75.0
Главный специалист-эксперт-секретарь комиссии,1242.0
Главный специалист-эксперт по животноводству,264.0
Консультант по вопросам жкх охраны окружающей среды,839.0
Главный специалист эксперт по торговле защите прав потребителей контрактный управляющий,397.0
Консультант-по вопросам внутреннего контроля,1690.0
Специалист по работе обращениями граждан-секретарь приемной,1242.0
Ведущий специалист-эксперт по бухгалтерскому учету,450.0
Ведущий специалист-эксперт-секретарь комиссии,1242.0
Консультант-главный бухгалтер,642.0
Главный специалист-эксперт по учету отчетности,1640.0
Консультант по вопросам строительства архитектуры жкх,1615.0
Рабочий по текущему ремонту,1633.0
Рабочий по кухни,341.0
Бухгалтер по начислению выплаты компенсации части родительской платы за присмотр уход за детьми,455.0
Кочегары,412.0
Рабочий по компл обслуж рем зданий,1363.0
Глава черновецкого сельсовеа,
Заместитель главы черновецкого,76.0
Машинист по отоплению,69.0
Воспитатель по сопровождению,43.0
Слесарь-сантехник по обслуживанию очистных сооружений,885.0
Воспитатель по внеклассной работе детьми,1219.0
Руководитель центра,
Охранник,980.0
Заведующая информационным центром,934.0
Начальник отдела аппарата представительного собрания,189.0
Методист по туристско-краеведческой работе,843.0
Методист по учебно-воспитательной работе,181.0
Методист по туризму спорту,57.0
Методист мцо,57.0
Главный специалист-эксперт упарвления образования,107.0
Заместитель начальника управления- начальник отдела бюджетного учета,183.0
Консультант отдела бюджетного учета отчетности,133.0
Главный специалист- эксперт отдела бюджетного учета отчетности администрация,133.0
Начальник отдела бюджетного учета отчетности-главный бухгалтер,133.0
Главный специалист эксперт по информационному обеспечению,1629.0
Ведущий специалист эксперт по проблемам семьи материнства детства,450.0
Ведущий специалист- эксперт по делам пожилых граждан инвалидов,675.0
Ведущий специалист эксперт по учету отчетности выплате пособий компенсаций,
Главный специалист- эксперт по делам пожилых граждан инвалидов,675.0
Главный специалист по реализации целевых программ животноводстве,671.0
Помощник оперативного дежурного-оператор,1652.0
Главный специалист по капитальному строительству жкх,211.0
Главный специалист по информационному обеспечению,1629.0
Главный специалист по кадрам делопроизводству,1638.0
Гордеробщик,1304.0
Исполняющий обязанности-начальника управление образования,209.0
Консультант по учебно-воспитательной работе,181.0
Оператор газового отопления,1191.0
Тех сотрудник,481.0
Методист по учебным фондам,1687.0
Пионерважатая,756.0
Рабочий по столовой,1361.0
Специаласт по ведению воинского учета,
Глава первоавустовского сельсовета,14.0
Глава новопершинского сельсовета,14.0
Начальник бюджетного отдела отчетности,
Глава старогородского сельсовета,14.0
Заместитетель главы администрации,
Глава поповкинского сельсовета,14.0
Начальник отдела бухучета отчетности,1653.0
Глава муниципального образования почепской,800.0
Техсотрудник,1290.0
Рабочий по обслуживанию,41.0
Старшый воспитатель,43.0
Рабочий по ремонту обслуживанию зданий сооружений,1633.0
Инженер компьютерной техники,1241.0
Костелянша,503.0
Начальник управления экономики,214.0
Начальник отдела по муниципальным заказам услугам информационно- коммуникационным технологиям,472.0
Начальник отдела организационной работы органами мест самоуправления,1539.0
1-й заместитель главы администрации,
Ведущий специалист -эксперт по труду,814.0
Начальник отдела делопроизводства кадровой работы,1631.0
Главный специалист-эксперт архитектуры градостроительства жкх,733.0
Главный специалист-эксперт по имущественным земельным правоотношениям,795.0
Начальник отдела экономики труда,1378.0
Начальникотдела по вопросам реализ целев программ,1537.0
Начальник отдела аграрной политики,501.0
Главный специалист -эксперт по мобилизационной подготовке,75.0
Ведущий специалист- эксперт секретарь административной комиссии,83.0
Главный специалист-эксперт по муниципальным услугам информационно- комуникационным технологиям,472.0
Главный специалист -эксперт по молодежной политике,1423.0
Ведущий специалист-эксперт бухгалтер отдела по опеке попечительству,91.0
Главный специалист-эксперт ответственный секретарь по делам несовершеннолетних,415.0
Ведущий специалист-эксперт по физической культуре спорту,552.0
Начальник отдела архитектуры градостроительства жкх,86.0
Главный специалист-эксперт отдела опеки паопечительства,1613.0
Ведущий специалист-эксперт по оргработе органами местного самоуправления,450.0
Ведущий специалист-эксперт по имущественным земельным правоотношениям,795.0
Главный специалист эксперт по имущественным земельным правоотношениям,795.0
Ведущий специалист-эксперт по правовым вопросам муниципальным услугам,1681.0
Начальник отдела промышленности строительства жкх,1189.0
Ведущий специалист-эксперт по муниципальным услугам информационно-коммуникационным технологиям,472.0
Главный специалист -эксперт по расчетам,295.0
Ведущий специалист-эксперт по земельным правоотношениям,795.0
Специалист отдела опеки попечительства,78.0
Начальник отдела оргработы органами мест сам,1539.0
Главный специалист -эксперт по реализации целевых программ животн,671.0
Главный специалист-эксперт по внутреннему муниципальному фин контролю,1661.0
Главный специалист-эксперт по экономике информационному обеспечению,1629.0
Заместитель учебно-воспитательной работе,181.0
Инженер по технике безопастности,538.0
Заместитель по вр,1020.0
Ответственный за безопасность дорожного движения,750.0
Оператор газовой кательной,1347.0
Бухгалтер кассир,612.0
Рабочий по компьтеру,451.0
Помошнк воспитателя,294.0
Доцент,1598.0
Профессор,139.0
Заведующий терапевтическим кабинетом,128.0
Ведущий специалист по го,
Заместитель начальника управления по заочной форме обучения,1113.0
Директор столовой,587.0
Специалист по умр,1131.0
Заместитель начальника управления по очной форме обучения,1113.0
Заведующий кафедрой доцент,860.0
Ректор,81.0
Проректор по научной воспитательной работе,1284.0
Главный аналитик,353.0
Проректор по учебно-методическому обеспечению,1299.0
Помощник ректора,146.0
Проректор по стратегическому развитию административно-хозяйственной работе,
Проректор по финансово-экономической деятельности начальник планово-экономического догов отдела,1699.0
Заведующий кафедрой,860.0
Специалист по икт,1288.0
Глава города дмитриева,275.0
Заместитель начальника отдела по правовым общим вопросам,1397.0
Начальник отдела по правовым общим вопросам,1397.0
Заместитель главы города,632.0
Усп,1691.0
Заведующий хозяйсйством,13.0
Машинист по стирки ремонту специалист одежды белья,978.0
Рабочий по компл обсл рем зданий,1363.0
Заместитель начальника отдела по вопросам го чс,1648.0
Главный специалист-эксперт управления строительства архитектуры жкх земельных имущественных правоотношений охраны окружающей среды транспорта связ,149.0
Главный специалист-эксперт отдела организационной кадровой правовой работы,1411.0
Главный специалист-эксперт юридического отдела,226.0
Глава горшеченского района,
Управляющий делами-начальник отдела организационной кадровой правовой работы,1411.0
Начальник отдела земельных имущественных правоотношенийи охраны окружающей среды управления строительства архитектуры жкх земельных имущественных,149.0
Начальник управления строительства архитектуры жкх земельных имущественных правоотношений охраны окружающей среды транспорта связ,149.0
Главный специалист-эксперт по работе территориями сельских поселений,1019.0
Главный специалист-эксперт сфере трудовых отношений,724.0
Начальникотдела по защите государственной тайны мобилизационной подготовке,179.0
Главный специалист-эксперт отдела аграрной политики,501.0
Отлов содержание безнадзорных животных,763.0
Заместитель начальника управления строительства архитектуры жкх земельных имущественных правоотношений охраны окружающей среды транспорта связ,149.0
Главный специалист-эксперт-ответственный секретарь комиссии по делам несовершеннолетних,415.0
Специалист по информационной технологиям защите информации отдела организационной кадровой правовой работы,971.0
Главный специалист-эксперт отдела земельных имущественных правоотношений охраны окружающей среды управления строительства архитектуры жкх земельных,149.0
Главный специалист-эксперт по осуществлению внутреннего муниципального финансового контроля,1690.0
Заведующая горшеченской,
Заведующая сосновским,
Заведующая никольским,
Заведующая болотским,
Заведующая удобенским филиалом,
Заведующая новомеловским,
Заведующая старороговским,
Заведующая ясеновским,
Заведующая солдатской,
Заведующая быковским,
Заведующая ключеским,
Заведующая белгородским,
Кочегар белгородского,412.0
Заведующая среднедороженским,
Заведующая богатыревским,
Заведующая кулевским,
Заведующая барановским,
Заведующая среднеапоченским,
Заведующая знаменским,
Заведующая немчиновским,
Кочегар сосновского,412.0
Заведующая ржавецким,1137.0
Системный администратор моц,1075.0
Воспитатель 1к,726.0
Рабочий по стирке ремонту,1657.0
Заместитель заведующего по административно-хозяйственной части,1201.0
Рабочий по компл обслуживанию,1270.0
Кух рабочий,553.0
Ответственный за техническое состояние безопасную эксплуатацию транспортных средств,1492.0
Кух работник,553.0
Преподаватель художественного отделения,248.0
Преподаватель по классу,1634.0
Преподаватель по классу баяна,1634.0
Преподаватель отделения дпт,248.0
Преподаватель по хореографии,490.0
Преподаватель музыкально-теоритеческих дисциплин,789.0
Преподаватель теоритических дисциплин,789.0
Преподаватель фольклорного отделения,248.0
Преподаватель по классу домра,1634.0
Преподаватель по классу трубы,1634.0
Консультант отдел образования администрации щигры,1501.0
Специалист ответственный за обеспечение безопасности дорожного движения,750.0
Контролер технического состояния транспортных средств,1669.0
Советник директора по воспитанию взаимодействия доо,1307.0
Преподаватель-организатор,694.0
Руководитель точка роста,761.0
Водитель легкового тс,
Учитель точка роста,761.0
Старшая сестра,184.0
Главный библиотекарь гор биб,781.0
Библиотекарь филиала,832.0
Учитель 5- классы,
Учитель 1- классы,
Учитель мбоу сош щигры курской области,967.0
Диспетчер образовательного процесса,1607.0
Заместитель директора учебно-воспитательной работе,124.0
Заместитель директора икт,1701.0
Учитель 10- классы,
Заместитель директора вр,
Лаборант по обслуживанию компьютеров,1686.0
Руководитель ансамбля ударных инструментов,
Руководитель кукольного кружка,
Балетмейстер народного танца,606.0
Руководитель коллектива эстрадной песни,1313.0
Балетмейстер эстрадного танца,606.0
Дирижер коллектива эстрадной песни,1313.0
Руководитель кружка прикладного искусства,777.0
Руководитель фольклорного кружка,
Педагог до кат,1093.0
Заместитель директора административно-хозяйственной части,1628.0
Руководитель структурного подразделения,1051.0
Заместитель начальника-главный бухгалтер,1679.0
Контролер по билетам,1105.0
Руководитель центра тестирования,465.0
Заместитель директора по административно хозяйственной работе,1628.0
Руководитель муниципального опорного центра,962.0
Методист кв категория,1346.0
Заведующая доу,1414.0
Учитель логопед доу,54.0
Воспитатель доу,1414.0
Методист по областям знаний,57.0
Исполняющая обязанности директора,1415.0
Диспечер,961.0
Специалист отдела образования,1688.0
Методист по уч дис,1154.0
Методист по дош дис,1154.0
Старший диспетчер-заместитель начальника еддс,340.0
Слесарь-сантехник по ремонту электрооборудования,722.0
Заместитель директора-начальник отдела муниципальных закупок,652.0
Специалист отдела муниципальных закупок,652.0
Руководитель центра гто,
Советник директора по воспитанию взаимодейтвию детскими общественными объединеними,1632.0
Заведующий горшеченским сдк,
Заведующий богатыревским цсдк,
Художественный руководитель среднеапоченким сдк,
Заведующий новомелавским сдк,13.0
Заведующий никольским сдк,
Художественный руководитель солдатского сдк,
Заведующая отделом районного методического центра,468.0
Художественный руководитель горшеченским сдк,
Заведующий солдатским сдк,13.0
Заведующий болотским сдк,
Методист по декоративно-прикладному искусству,1541.0
Методист по культурно-массовой работе,1702.0
Дирижер виа,550.0
Художественный руководитель ясеновским сдк,10.0
Заведующий ясеновским сдк,
Заведующий среднеапоченким сдк,
Заведующий знаменским сдк,
Художественный руководитель быковским цсдк,
Заведующий березовским сельским клубом,13.0
Заведующий среднедороженским сдк,
Заведующий старороговским сдк,
Заведующий удобенский сдк,13.0
Заведующий быковским цсдк,
Методист досуга молодежи,1291.0
Заведующий сосновским сдк,
Заведующий ключевским сдк,13.0
Художественный руководитель сосновского сдк,
Заведующий ржавецким домом досуга,1137.0
Заведующий немчиновским,
Художественный руководитель болотским сдк,
Начальник отдела кинообслуживания,182.0
Начальник отдела материально-технического обслуживания,1693.0
Заместитель главы администрации -начальник управления финансов,1664.0
Заместитель начальника управления-начальник отдела планирования исполнения бюджета,677.0
Главный специалист-эксперт отдела планирования исполнения бюджета,677.0
Главный специалист-эксперт отдела бюджетного учета отчетности,133.0
Специалист вус,417.0
Работник по выполнению переданных полномочий,711.0
Заместитель начальника отдела муниципальных услуг делопроизводства,
Заместитель начальника отдела по вопросам благоустройства жилищно коммунального хозяйства,382.0
Спасатель на пляж,470.0
Специалист по упорядочиванию оформлению архивных документов администрации поселка пристень,1456.0
Коммендант общежития,1156.0
Смотритель кладбища,449.0
Тракторист-экскаваторщик,1373.0
Рабочий по обслуживанию детских площадок,41.0
Специалист по благоустройству озеленению,1302.0
Слесарь по ремонту техники,1697.0
Начальник отдела по вопросам культуры молодежи физической культуры спорта администрации,1655.0
Главный специалист-эксперт отдела по вопросам культуры молодежи физической культуры спорта администрации,1655.0
Воспитатель 2к,
Руководитель кружков,25.0
Воспитатели,43.0
Оператор котельни,70.0
Рабочий по ремонту зданий,1633.0
Заместитель начальника управления по бюджету налогам,1315.0
Консультант отдела финансов финансового контроля,1502.0
Консультант отдела экономики,1139.0
Консультант по труду управления по бюджету налогам администрации курской области,813.0
Консультант отдела финансов контроля,1502.0
Заместитель начальника отдела финансов контроля,1664.0
Заместитель начальника отдела экономики,
Начальник отдела экономики,1378.0
Начальник управления по бюджету налогам адинистрации,1315.0
Консультант отдела финансов контроля управление по бюджету налогам админист,1502.0
Главный специалист-эксперт по труду управления по бюджету налогам администрации курской области,813.0
Начальник отдела финансов контроля,1664.0
Главный специалист документовед,535.0
Электромонтажник-наладчик,950.0
Рабочий по обслуживанию бани,1331.0
Инструктор по физической культуре по доу,1675.0
Педагог дополнительного образования доу,1642.0
Оператор кательной,1347.0
Водитель газели,62.0
Заместитель директора вмр,37.0
Заместитель директроа учебно-воспитательной работе,181.0
Педагог на дому,
Качегар,412.0
Учитель деффектолог,39.0
Профильный труд,888.0
Коррекц занятия,229.0
Изо профильный труд,888.0
Ритмика,797.0
Рабочий по обслуживанию котельной,41.0
Заведующий филиалом детской библиотеки,
Заведующий сельской библиотекой-филиалом,
Заведующий организационно-методическим отделом,
Старший вожатый соответ занимаемой должности,435.0
Советник директора по воспитатанию,1065.0
Воспитатель - квалификационная категория,43.0
Воспитатель -без квалификационной категории,933.0
Лаборант икт,1288.0
Начальник отдела бухгалтерской отчетности,1640.0
Заместитель начальника управления финансов начальник отдела бюджетного планирования,810.0
Заместитель главы-начальник управления финансов администрации курской области,1695.0
Глава борковского сельсовета,14.0
Учитель 5- кл,
Учитель 1- кл,
Ведущий бухгалтер по учету расчетов по оплате труда,1116.0
Ведущий бухгалтер по учету мат запасов,96.0
Начальник отдела по учету нфа расчетов поставщиками подрядчиками,845.0
Ведущий бухгалтер по расчетам пост подр,1251.0
Ведущий бухгалтер по учету нфа,96.0
Начальник отдела по учету расчетов по оплате труда,1116.0
Ведущий бухгалтер по учету род платы мер соц поддержки,96.0
Специалист отдела закупок,1658.0
Начальник отдела учета культуры,767.0
Глава пореченского сельсовета,14.0
Ассистент режиссера,1013.0
Заведующий фалиалом,13.0
Заведующий информационным отделом,934.0
Заведующий отделом по техсредствам,1636.0
Заведующий отделом по культурно-массовой работы,986.0
Заведующий отделом по тех средствам,1636.0
Специалист по жанрам творчества,811.0
Заведующий отделом по работе детьми подростками молодежью,640.0
Заведующий отделом по инновационной деятельности,1306.0
Заведующая киновидеоотделом,
Заведующий методическим отделом,
Ассистент режисера,1235.0
Руководитель музыкальной студии,645.0
Кассир -контролер,559.0
Заведующая дроновским,
Заведующая марковским,
Заведующая кульбакинским,
Заведующая сухиновским,
Заведующая коровяковским филиалом,
Заведующая будкинским,
Заведующая алексеевским,
Заведующая кобыльским филалом,
Заведуюая сергеевским,
Заведующая попово-лежачанским,
Заведующая нижне-мордокским,
Заведующая карыжским,
Заведующая ржавским,1137.0
Заведующая званновским,
Заведующая веселовским,
Заведующая ходяковским,
Истопник филиал елизаветовский сдк,689.0
Рабочий по уборке территорий,1427.0
Истопник филиала сухиновский сдк,
Директор филиал веселовский сдк,24.0
Сторож филиала дк теткино,384.0
Директор филиала алексеевский сдк,
Директор филиала сухиновский сдк,
Руковоитель любительского объеденения,1556.0
Режисер-постановщик,981.0
Истопник филиал кульбакинский сдк,689.0
Звукооператор филиала дк теткино,384.0
Кассир -вахтер,236.0
Аккомпониатор филиала дк теткино,384.0
Киномеханик филиала званновский сдк,1175.0
Директор филиала коровяковский сдк,
Уборщик служебных помещеий,1054.0
Директор филиала будкинский сдк,
Директор филиала дворца культуры теткино,
Директор филиала кульбакинский сдк,
Директор филиала нижне-мордокский сдк,
Директор филиала званновский сдк,
Киномеханик филиала дк теткино,384.0
Хормейстер филиала дк теткино,384.0
Хореограф филиала дк теткино,384.0
Директор филиала карыжский сдк,
Директор филиал елизаветовский сдк,24.0
Директор филиала дроновский сдк,
Директор филиала попово-лежачанского сдк,
Звукооператор филиала званновский сдк,1175.0
Директор филиала марковского сдк,
Директор филиала кобыльского сдк,
Истопник филиал карыжский сдк,689.0
Руководитель творческого коллектива,637.0
Делопроизводитель старший,549.0
Начальник отдела управления,480.0
Заместитель начальника отдела управлении,1380.0
Начальник отдела управлении,1380.0
Консультант секретарь комиссии,1242.0
Заместитель начальника еддс-старший дежурный оперативный,151.0
Заведующий сельской библиотекой,
Заведующий детской библиотекой,
Заведующий отд обслуживания,1528.0
Руководитель коллектива,637.0
Руководитель ансамбля,
Методист по народной традиционной культуре,947.0
Заведующий культурно-досуговой деятельностью,790.0
Руководитель оркестровой студии,645.0
Руководитель фольк коллектива,637.0
Специалист по звукооборудованию,123.0
Специалист отдела техобеспечения мероприятий,
Руководитель анс,1177.0
Руководитель дух оркестра,1706.0
Руководитель самодеятельного колектива,330.0
Методист по техническим средствам,1154.0
Специалист по об светового об,123.0
Заведующий техн отд,1296.0
Консультант представительного собрания,518.0
Консультант отдела по защите государственной тайны мобилизационной подготовке,179.0
Исполняющий обязанности начальника отдела организационной кадровой работы делопроизводства,209.0
Начальник отдела по защите государственной тайны мобилизационной подготовке,179.0
Методист отдела по работе детьми,511.0
Заведующая отделом по работе детьми,640.0
Заведующий отделом досуга,1636.0
Заведующий филиалом еринский дк,
Руководитель кружка прилепского дк,777.0
Заведующий отделом по работе детьми,640.0
Заведующим отделом оимпд,1056.0
Методист оимпд,1056.0
Методист отдела досуга,511.0
Мастер-декоратор,40.0
Пристенский дк,777.0
Асистент режиссера,964.0
Советник директора по воспитанию взаимодействию детскими общественными обьеденениями,1632.0
Главный специалист- эксперт,295.0
Специалист по землепользованию имущественным отношениям,1565.0
Классный руководитель,1000.0
Заведующий по хозяйственной части,1460.0
Заместитель директор по увч,1505.0
Сопровождающий детей,700.0
Заместитель директора по уч,37.0
Заведующий художественно постановочной частью народного театра,352.0
Заведующий ромо,1543.0
Концертмейстер до,419.0
Концертмейстер по классу вокала,1322.0
Администратор льговский рдк,140.0
Заведующий отделом ромо,1543.0
Кинооператор,1162.0
Возчик,572.0
Воспитатель гкпд,43.0
Инженер по обслуж компьютеров,1686.0
Диетическая сестра,1336.0
Инженер по надзору по стр-ву,1025.0
Заместитель директора по ув,37.0
Техник -слесарь,486.0
Советник директора по всопитанию взаимодействию детскими общественными объединениями,1632.0
Консультант отдела жилищно -коммунального хозяйства администрации щигры,382.0
Главный специалист- эксперт отдела по делам молод жи спорту культуре,960.0
Главный специалист-эксперт по землеустройству отдела имущественных земельных отношений,224.0
Начальник отдела жилищно-коммунального хозяйства администрации,382.0
Главный специалист эксперт отдела жилищно -коммунального хозяйства администрации щигры,382.0
Начальник отдела имущественных земельных отношений,224.0
Управляющий делами администрации города щигры,38.0
Ведущий специалист секретарь комиссии по делам несовершен,415.0
Главный специалист-эксперт отдела имущественных земельных отношений,224.0
Главный специалист -эксперт по делопризводству отдела организационной кадровой работы,1666.0
Главный специалист-эксперт по архивной работе,1700.0
Начальник отдела по делам молодежи спорту культуре,1655.0
Начальник отдела го ичс,1647.0
Начальник отдела договорных расходных обязательств,838.0
Ведущий специалист эксперт отдела бухгалтерского учета отчетности,1653.0
Специалист по делам молодежи спорта,588.0
Ведущий специалист по мобилизационной подготовки,1158.0
Специалист отдела организационной кадровой работы,1666.0
Ведущий специалист -эксперт секретарь административной комиссии,83.0
Главный специалист эксперт архитектор,44.0
Ведущий специалист-эксперт отдела договорных расходных обязательств,838.0
Главный специалист- эксперт по вопросам внутреннего муниципального финансового контроля,1690.0
Консультант архитектор,624.0
Ведущий специалист эксперт по делам молод жи спорта,960.0
Главный специалист эксперт по делопроизводству отдела организационной кадровой работ администрации города щигры,1501.0
Специалист по защите информации отдела организационной кадровой работы,971.0
Ведущий специалист -эксперт по строительству отдела жкх,450.0
Ведущий специалист по землеустройству отдела имуществен земельн отнош,1333.0
Консультант отдела жкх,407.0
Специалист по архивной работе,1700.0
Ведущий специалист-эксперт отдела жилищно-коммунального хозяйства,382.0
Ведущий специалист эксперт по архивной работе,1700.0
Ведущий специалист эксперт ответственный секретарь административной комиссии,177.0
Рабочий по обслуживанию газовой котельной,71.0
Техник- слесарь,486.0
Заведующий филиалом сельской библиотеки,
Заведующий детским,433.0
Заместитель директора по нмр,37.0
Водитель машины,596.0
Руководитель студии цирковая студия,1212.0
Балетмейстер ансамбль эстрадного танца,606.0
Заведующий художественной постановочной частью детский образцовый музыкальный театр,663.0
Режисс любительского театра театр эстрадных миниатюр экспресс театр,493.0
Аккомпаниатор детский образцовый музыкальный театр,1179.0
Режисс любительского театра детский образцовый музыкальный театр,1179.0
Хормейстер любительского вокального коллектива детский образцовый музыкальный театр,1179.0
Хормейстер вокального коллектива фольклорный ансамбль,692.0
Руководитель клубного формирования любительского объединения,1484.0
Заведующий методическим отделением,853.0
Заведующий художественной постановочной частью театр эстрадных миниатюр экспресс театр,493.0
Руководитель клубного формирования любительского объединения студия декоративно прикладного творчества,1484.0
Дириж ансамбль народных инструментов,292.0
Хормейстер любительского вокального коллектива ансамбль русской песни,692.0
Заведующий музыкальной частью детский образцовый музыкальный театр,663.0
Художник постановщик театр эстрадных миниатюр экспресс театр,493.0
Механик по обслуживанию кино-телевизионного оборудования,956.0
Аккомпаниатор ансамбль народных инструментов,292.0
Аккомпаниатор театр эстрадных миниатюр экспресс театр,493.0
Художник постановщик детский образцовый музыкальный театр,1179.0
Главный специалист-эксперт отдела по делам го чс администрации,1647.0
Консультант по вопросам архитектуры администрации курской области,
Главный специалист-эксперт отдела информатизации предоставления муниципальных услуг администрации,442.0
Главный специалист-эксперт отдела кадровой организационной работы делопроизводства администрации курской области,372.0
Главный специалист-эксперт отдела экономики развития малого предпринимательства труда,595.0
Главный специалист-эксперт административной комиссии,1183.0
Консультант отдела аграрной политики,501.0
Начальник отдела экономики развития малого предпринимательства труда,595.0
Начальник отдела по защите государственной тайны мобилизационной подготовке администрации,179.0
Консультант отдела кадровой организационной работы делопроизводства администрации,372.0
Начальник отдела по го чс,1647.0
Консультант отдела социальной защиты населения,114.0
Ведущий специалист-эксперт отдела социальной защиты населения,114.0
Начальник отдела информатизации предоставления муниципальных услуг,442.0
Специалист архивного отдела администрации курской области,
Главный специалист-эксперт по организационной работе взаимодействию омс общественными организациями,268.0
Ведущий специалист-эксперт отдела информатизации предоставления муниципальных услуг,442.0
Консультант отдела жкх транспорта связи охраны окружающей среды администрации,638.0
Начальник отдела бухгалтерского учета отчетности главный бухгалтер,1238.0
Начальник отдела имущества землепользования,1665.0
Ведущий специалист-эксперт отдела бухгалтерского учета отчетности,1653.0
Главный специалист-эксперт отдела социальной защиты населения,114.0
Ведущий специалист-эксперт отдела имущества землепользования,1465.0
Главный специалист-эксперт юридического отдела администрации,226.0
Главный специалист-эксперт отдела имущества землепользования,1465.0
Начальник отдела кадровой организационной работы делопроизводства,372.0
Главный специалист-эксперт отдела жкх транспорта связи охраны окружающей среды,638.0
Начальник отдела муниципальных закупок администрации курской области,652.0
Ведущий специалист-эксперт юридического отдела,226.0
Консультант отдела имущества землепользования администрации,1665.0
Ведущий специалист-эксперт отдела кадровой организационной работы делопроизводства,372.0
Главный специалист-эксперт по делопроизводству,295.0
Начальник отдела архитектуры строительства,757.0
Ведущий специалист-эксперт отдела по делам го чс,1647.0
Консультант отдела строительства архитектуры,258.0
Специалист отдела экономики развития малого предпринимательства труда администрации,595.0
Главный специалист эксперт администрации,1616.0
Начальник отдела жкх транспорта связи охраны окружающей среды,638.0
Главный специалист-эксперт отдела бухгалтерского учета отчетности,1653.0
Ведущий специалист-эксперт отдела муниципальных закупок,652.0
Руководитель вокального ансамбля,586.0
Методист по кино информатике,568.0
Руководитель инструментального ансамбля,
Заместитель директора по культурно-массовой работе,1702.0
Методист по работе детьми молодежью,1219.0
Методист по культурно-досуговой работе,1702.0
Директор районного центра культуры досуга,1482.0
Тренер по спорту,1264.0
Специалист по обеспечению безопасности дорожного движения,7.0
Старший тренер по спорту,1264.0
Инструктор-методист физкультурно-спортивных организаций,536.0
Руководитель центра тестирования гто,465.0
Советник директора по воспитанию взаимодействию детскими общественными объединенями,1632.0
Заместитель по хоз части,396.0
Преподаватель фольклера концертмейстер,419.0
Педагог дополнительного образования по классу хора,1642.0
Преподаватель теории,602.0
Преподаватель концертмейстер,1039.0
Преподаватель домры,1525.0
Преподаватель аккордеона,721.0
Преподаватель гармони,139.0
Преподаватель хора фортепиано,1634.0
Преподаватель скрипки,139.0
Педагог дополнительного образования по классу баяна баяна,1642.0
Мастер-художник,144.0
Техник эвт,394.0
Директор библиотеки,24.0
Главный специалист отдела жкх,1121.0
Главный специалист отдела имущества землепользования,1465.0
Начальник отдела строительства муниципальных закупок,1323.0
Главный специалист отдела строительства муниципальных закупок,1323.0
Заведующий филиалом библиотеки,
Заместитель методико-библиографическим отделом,1043.0
Заведующий окио,13.0
Начальник отдела культуры по делам молодежи физической культуре спорту,1655.0
Ведущий эксперт отдела культуры по делам молодежи физической культуре спорту,1655.0
Главный специалист-эксперт отдела культуры по делам молодежи физической культуре спорту,1655.0
Первый заместитель главы администрации курской области,23.0
Специалист по физической культуре спорту,552.0
Консультанта,1432.0
Глава льговского района,
Глава будановского сельсовета,14.0
Консультант аппарата,782.0
Ведущий инспектор контрольно-счетного органа,523.0
Сторож отдела транспорта жкх,1365.0
Специалист по связям общественностью отдела по организации досуга поселениях,217.0
Инженер-электрик отдела хозяйственного обеспечения,639.0
Специалист по связям общественностью отдела информации,217.0
Ведущий специалист отдела апк,1084.0
Дворник отдела хозяйственного обеспечения,639.0
Заместитель начальника отдела учета распределения жилой площади,510.0
Старший водитель,1508.0
Ведущий специалист отдела транспорта жкх,695.0
Начальник отдела апк,1084.0
Оператор газовой котельной отдела транспорта жкх,
Старший сторож отдела транспорта жкх,1365.0
Начальник отдела транспорта жкх,695.0
Сторож отдела хозяйственного обеспечения,639.0
Ведущий специалист го чс,
Юрисконсульт отдела учета распределения жилой площади,510.0
Инженер по охране труда отдела транспорта жкх,122.0
Инжинер-программист отдела программного обеспечения,861.0
Механик-водитель отдела транспорта жкх,120.0
Архивариус отдела транспорта жкх,695.0
Заместитель начальника отдела по земельным ресурсам,526.0
Дворник отдела транспорта жкх,695.0
Ведущий специалист по земельным ресурсам,526.0
Начальник отдела по строительству,182.0
Старший водитель отдела транспорта жкх,120.0
Заместитель начальника отдела транспорта жкх,695.0
Начальник отдела автомобильного обеспечения,1512.0
Инженер-электрик отдела транспорта жкх,695.0
Водитель отдела транспорта жкх,120.0
Начальник службы еддс,317.0
Уборщик служебных помещений отдела транспорта жкх,1054.0
Кух рабоч,553.0
Ведущий программист по школьным информационным сетям,544.0
Машинист кочегар котельной,693.0
Советник по воспитанию взаимодействию детскими общественными объединениями,1632.0
Воспитатель сопровождения,43.0
Советник по воспитанию взоимодействию детскими общественными объединениями,1632.0
Ведущий программист по школьным информационный сетям,544.0
Инструктор физического воспитания,873.0
Педагог социальный,29.0
Заместитель директора по дошкольному воспитанию,704.0
Заведующий библеотекой,13.0
Ведущий инженер по охране труда технике безопасности,1680.0
Рабочий дворник,192.0
Учитеель-логопед,857.0
Повар подсоб рабочий,267.0
Заместитель директора по шис,37.0
Начальник отдела информатизации,1645.0
Режисер,981.0
Заведующий отделом кино,901.0
Худ-руководитель,1412.0
Заведующий метод отделом,780.0
Библиотекарь оп,156.0
Библиотекарь оп репецко,156.0
Заведующий комплектования,1404.0
Библиотекарь оп круто -верховская библиотека,156.0
Библиотекарь оп б-бутырская библиотека,156.0
Библиотекарь оп 2засеймская библиотека,156.0
Хранитель фонда,1190.0
Заведующий отделом методико-библиографической работы,
Тех служащие,481.0
Социальный педагок,29.0
Заместитель директора по школьным информационным сетям,544.0
Заместитель директора ппо административно-хозяйственной части,1009.0
Заведующая производством,227.0
Оператор эл котлов,1426.0
Директор школы гимназии лице,1017.0
Ведущий специалист по школьным информационным сетям,544.0
Советник по воспитанию взаимодействию детскими общественными обьединениями,1632.0
Оператор по обслуживанию электрических котлов,1426.0
Заведующий детским садом детс,433.0
Кух раб,553.0
Советник по воспитанию,1307.0
Советник директора по воститанию взаимодействию детскими общественными объединениями,1632.0
Советник директора по воспитанию взаимодействию детскими общ объединениями,1632.0
Учитель матем на дому,
Учитель начальных классов орксэ,494.0
Советник директора по воспитанию взаимодействию детскимиобщественными объединениями,1632.0
Рабочий по ремонту сложного оборудования,815.0
Инспектор-делопроизводитель,279.0
Старший эксперт,1459.0
Заместитель начальника правового управления,
Ведущий эксперт программного обеспечения,456.0
Начальник правового управления,
Главный эксперт программного обеспечения,456.0
Главный эксперт по мобилизационной подготовке,75.0
Директор- начальник еддс,878.0
Заместитель директора мку -начальник еддс,878.0
Ведущий диспетчер-оперативный дежурный еддс,389.0
Ведущий диспетчер-диспетчер системы- еддс,56.0
Старший эксперт отдела по опеке попечительству,91.0
Заместитель начальника управления образования опеки попечительства,78.0
Ио начальника учреждения,914.0
Ведущий бухгалтер по начислению льготных коммунальных,455.0
Слесарь электрик по ремонту обслуживанию электрооборудования,1639.0
Кассир билет,172.0
Заместитель начальника-главного бухгалтера по бухгалтерскому учету отчетности муниципальных учреждений,1679.0
Заместитель начальника-главного бухгалтера по бюджетному планированию-начальник отдела санкционирования пасходов,1438.0
Инженер-компьютерщик,27.0
Помощник,146.0
Первый заместитель главы по финансовой политике,1668.0
Заместитель главы администрации по строительству архитектуре,1293.0
Помощник дежурного оперативного мку,1652.0
Дежурный оперативный еддс,418.0
Контролер технического состояния тс,1669.0
Помощник дежурного оперативного,1652.0
Главны специалист-эксперт,247.0
Советник директора по воспит взаимодействию,1595.0
Инженер по то компьютеров итс,1686.0
Заместитель директора по иоп,37.0
Советник директора по воспитанию взаимодействию детскими обществвенными объединениями,1632.0
Администратор центр тестирования вфсо гто,1338.0
Заместитель директора по эксплуатации спортивного сооружения,507.0
Сторож-вахтер,957.0
Инженер энергетик,662.0
Музыкальный руководитель основные,231.0
Рабочий по стирке,1657.0
Старший системный администратор,414.0
Руководитель информационной группы,1269.0
Учитель-логопед внешние,54.0
Начальник управления по образованию опеке попечительства,214.0
Начальника отдела опеки попечительства,78.0
Ведущий специалист- эксперт,450.0
Оператор электрокотельной,70.0
Специалист по контрольно-измерительным приборам автоматике,97.0
Адмиминистратор,140.0
Методист по аналитико-диагностическому экспертному обеспечению деятельности,425.0
Методист по предметам,57.0
Методист по использованию информационно-коммуникационных технологий,1257.0
Методист по формированию базы данных выпускников участвующих егэ огэ,1319.0
Программист по информационно-коммуникационным технологиям,1582.0
Ведущий специалист бухгалтер представительного собрания курской области,189.0
Руководитель структурного подразделения центра образования цифрового гуманитарного профиля,1051.0
Заместитель директора по воспитательной работе детьми,
Контрол технического состояния транспортных средств,1669.0
Учитель искусства технологии,358.0
Учитель информатики физики,436.0
Начальник отдела по вопросам опеки попечительства администрации курской области,1281.0
Заместитель главного бухгалтера-начальник отдела,240.0
Юристконсульт-специалист по закупкам,1654.0
Экономист по бухгалтерскому учету анализу хозяйственнй деятльности,716.0
Заместитель главы администрации курской области по финансово-экономическим вопросам,563.0
Первый заместитель главы администрации курской области начальник управления аграрной пол,23.0
Специалист по сопровож,123.0
Участковая медицинская сестра педиатра,907.0
Врач-узд,1691.0
Участковая медицинская сестра тер высшая кат,173.0
Заведующий терап отд -врач-терапевт высшая кат,322.0
Мед лаборант техник,1703.0
Машинист по стирке рем спецодежды,1473.0
Заведующий любостанским фельдшерско-акушерский пункт-фельдшер,9.0
Заместитель глав врача по мед части,1208.0
Медицинская сестра врача-оториноларинголога,1197.0
Старшая,670.0
Медицинская сестра по риему вызовов медицинской помощи,1584.0
Заведующий извековским фапом,6.0
Процедурная медицинская сестра,620.0
Заведующий растворовским фапом,6.0
Заведующий ржавским фапом,6.0
Медицинская сестра-постовая,620.0
Физкабинета,229.0
Цсо,74.0
Врач-оториноларинголога,1197.0
Врач-педиатр учасковый,112.0
Заведующий педиатр отделением,492.0
Глав бухгалтер,521.0
Анастезистка,631.0
Ренген-лаборант,825.0
Операционная,554.0
Врач-ренгенолог,1676.0
Врач-психо-нарколог высшая кат,173.0
Заведующий фапом,6.0
Электромонтер по рем обслуж электро-я,762.0
Врач по мед профилактики,1674.0
Главная,
Фельдшерско-акушерский пункт,186.0
Медицинская сестра фтизиатра,928.0
Прививочного кабинета,643.0
Физиотерапии любимовская амбулатория,410.0
Заместитель гллавного врача по мед обслуж населения,1216.0
Врач-анастезиолог,26.0
Медицинская сестра врача-эндокринолога,266.0
Заведующий кабинетом мед статистики,959.0
Врач-травмотолог,742.0
Заведующий м-каменским фапом,6.0
Массажистка первая кат,1494.0
Врвч-стоматолог-терапевт,116.0
Диетсестра высшая кат,173.0
Заведующий колпаковским фапом,6.0
Заместитель главного врача кэр,49.0
Экономист по фин работе,571.0
Специалист по,123.0
Врач терапевт паллиативной помощи,1357.0
Глав врач высшая кат,173.0
Врач-венеролог,626.0
Методист по работе детскими юношесткими объединениями,334.0
Методист по художественной направленности,1583.0
Методист по туристко-краеведческой направленности,843.0
Методист по физкультурно-спортивной направленности,536.0
Учитель педагогический персонал,494.0
Заместитель заведующего по воспитательной методической работе,1400.0
Убрщик служебных помещений,347.0
Консультант отдела экономического планирования исполнения бюджета,824.0
Консультант отдела финансового учета отчетности,1644.0
Начальник отдела экономического планирования исполнения бюджета,824.0
Начальник отдела финансового учета отчетности,1644.0
Начальник финансово-экономического управления,1695.0
Заместитель начальника отдела финансового учета отчетности,1644.0
Учитель учителя,39.0
Ответственный за электрохозяйство школы,1157.0
Ведущий бухгалтер по учету отчетности,96.0
Заместитель главного бухгалтера по отрасли образования,1558.0
Начальник отдела планирования экономики заработной платы,447.0
Ведущий бухгалтер по зарплате,1683.0
Заместитель главного бухгалтера по отрасли культуры,1558.0
Главный специалист по правовой кадровой работе основное,1631.0
Главный специалист по закупкам,1654.0
Начальник отдела заработной платы учета отчетности,1640.0
Бухгалтер по учету отчетности,96.0
Подсобный рабочий несовершеннолетние граждане,174.0
Лаборатн,234.0
Посудомойщик,
Воспитатель дошкольного образования,43.0
Консультант по животноводству информационному обеспечению,1153.0
Консультант по контролю сфере закупок,1654.0
Глава тимского района,
Руководитель народного хора,1682.0
Заведующий отделом народного творчества,792.0
Художник модельер,339.0
Документове,535.0
Мастер народных промыслов,40.0
Заведующий отделом обработки,1636.0
Рабочий по благоустройству озеленению города,1302.0
Сварщик,27.0
Библиотекарь отдела комплектования,1112.0
Библиотекарь по работе детьми,1219.0
Ведущий методист,57.0
Хормейстер театра эстрадного пения,1042.0
Руководитель детского драматическогго коллектива,1332.0
Заведующий сектором информационных ресурсов,534.0
Заведующий массовым сектором,527.0
Специалист по переданным полномочиям,395.0
Глава сазановского сельсовета,14.0
Глава среднеольшанского сельсовета,14.0
Специалист жкх,123.0
Асистент,964.0
Заместитель директора по ит,1701.0
Техслужищий,1290.0
Технический исполнитель по переданным государственным полномочиям по ведению первичного воинского учета,360.0
Работник выполняющий переданные полномочия по решению вопросов местного значения,1133.0
Работник по переданным полномочиям,395.0
Инспектор по охране труда,1436.0
Пионервожатый,756.0
Педогог доп обраозования,1117.0
Оператор электрической котельной,
Руководитель методического объединения,1530.0
Воспитатель группы полного дня,809.0
Помощник воспитателя группы полного дня,809.0
Консультант отдела экономики бухгалтерского учета управления аграрной политики земельных имущественных правоотношений,764.0
Главный специалист-эксперт по имуществу управления аграрной политики земельных имущественных правоотношений администрации курско,246.0
Заместитель начальника управления аграрной политики земельных имущественных правоотношений администрации курской области,246.0
Начальник отдела экономики бухгалтерского учета управления аграрной политики земельных имущественных правоотношений рай,764.0
Заместитель главы администрации начальник управления аграрной политики земельных имущественных правоотношений,246.0
Главный специалист-эксперт по растениеводству управления аграрной политики земельных имущественных правоотношений администрации,246.0
Начальник отдела закупок управления аграрной политики земельных имущественных правоотношений,246.0
Заместитель начальника управления аграрной политики земельных имущественных правоотношений начальника отдела экономики бухгалтерского учета,764.0
Главный специалитс-эксперт отдела экономики бухгалтерского учета,343.0
Главный специалист-эксперт по информационной кадровой работе управления аграрной политики земельных имущественных правоотношений администрации щи,246.0
Помощник дежурного оперативого оператор,1652.0
Заместитель начальника старший дежурный оперативный,151.0
Диспетчер мониторингова центра,1471.0
Заместитель начальника по мониторингу прогнозированию чс,424.0
Диспетчер оперативный дежурный,389.0
Начальник отдела бюджета межбюджетных отношений,810.0
Начальник отдела по бюджетному регулированию,787.0
Консультант отдела по бюджетному регулированию,787.0
Заместитель начальника финансового отдела,1664.0
Начальник управления культуры,214.0
Руководитель фк,
Режиссер тэп,373.0
Методист ромц,877.0
Методист по информационно организационной работе,1650.0
Методист по народно-художественному творчеству,999.0
Заведующий объектом досуговой работы,466.0
Заведующий музыкальным сектором,527.0
Методист по связям общественностью,217.0
Хормейстер образцового фольклорного ансамбля,1199.0
Ассистент дирижера народного ансамбля русских народных инструментов,539.0
Дирижер народного духового оркестра,199.0
Художник-модельер театрального костюма,339.0
Дирижер народного ансамбля русских народных инструментов,539.0
Аккомпаниатор образцового фольклорного ансамбля,1199.0
Хормейстер хорового коллектива,1046.0
Аккомпаниатор хорового коллектива,1046.0
Заведующая досуговым сектором,527.0
Руководитель любительского объединения,1484.0
Хормейстер фк,
Аккомпаниатор ас,299.0
Хормейстер тэп,286.0
Ассистент дирижера народного духового оркестра,539.0
Дежурный,311.0
Старший дежурный,1618.0
Бухгалтер квалификационного уровня внутридолжностной категории,502.0
Бухгалтер квалификационного уровня ii внутридолжностной категории,502.0
Начальник мку цб,719.0
Программист ведущий,104.0
Машинист по стирке спецодежды,1473.0
Педагог- организатор,28.0
Рабочий по компл обслуживанию ремонту зданий,1270.0
Ведущий переводчик русского жестового языка,656.0
Заместитель директора по мсир,37.0
Врач-педиатор,1428.0
Переводчик русского жестового языка,656.0
Машинист по стирке,1473.0
Рабсчий по комплексному обслуживанию ремонту зданий,1663.0
Врач озз,26.0
Рабочий по комплексному обслуживанию текущему ремонту зданий сооружений,1633.0
Преподаватель по внеклассной работе,443.0
Тьютор молодой специалист,512.0
Машинист по стирке одежды,175.0
Врач-ортопед,1348.0
Дежурный здания,311.0
Заместитель директора по социально-педагогической работе,
Рабочий по комплексному ремонту обслуживанию здания,1663.0
Старший инспектор делопроизводитель,279.0
Министр образования науки,866.0
Заместитель начальника управления экономики,242.0
Заместитель председателя комитета образования науки курской области,581.0
1-й заместитель председателя ком образования,1310.0
Начальник отдела материально технического снабжения,1693.0
Начальник отдела менеджмента технического развития капитального ремонта строительства областных образовательных организаций,148.0
Начальник отдела транспортного обеспечения,
Начальник отдела имущественных отношений правовых вопросов транспортного обслуживания,1665.0
Начальник отдела административно-хозяйственной работы,639.0
Заместитель директора по аналитической деятельности,
Начальник отдела анализа финансового обеспечения образовательных организаций курской области,708.0
Начальник отдела организационно методического сопровождения процедуры государственной акредитации,148.0
Начальник редакционно-технического отдела,1256.0
Начальник отдела материально-технического обеспечения,1693.0
Начальник отдела оценки качества образования,922.0
Руководитель рцои,25.0
Начальник отдела развития образования,852.0
Заместитель директора по техническому обеспечению,37.0
Начальник отдела информационно-ресурсного обеспечения,827.0
Начальник отдела организационно-методического сопровождения государственного контроля области образования,148.0
Начальник отдела организационно-методического сопровождения егэ,148.0
Начальник отдела организационно-методического сопровождения гиа-ix,148.0
Заведующий отделом учебной работы,1636.0
Заведующий хозяйством отдела кванториум курске,1488.0
Заместитель руководителя отдела детский технопарк курска руководитель отдела мобильный технопарк,968.0
Уборщик служебных помещений технопарка кванториум курске,1054.0
Заместитель директора по проектному управлению внешним коммуникациям,1130.0
Заместитель директора по организационной проектной инновационной деятельности,1306.0
Заведующий отделом методической аналитической работы,420.0
Старший методист по программно-методическому развитию образования,1108.0
Заместитель директора руководитель регионального модельного центра дополнительного образования детей курской области,1388.0
Старший методист по проектному управлению внешним коммуникациям,1130.0
Заведующий отделом организационно-массовой воспитательной работы,865.0
Заместитель директора по программно-методическому развитию,1108.0
Заместитель директора руководитель детского технопарк курска,968.0
Заместитель директора по организационно-массовой воспитательной работе,1650.0
Заведующий отделом кадровой работы юридического информационно-медийного сопровождения,1621.0
Заместитель руководителя по проектному управлению,1673.0
Заместитель директора руководитель детского технопарк курской области,968.0
Заместитель руководителя заведующий по образовательной деятельности,1048.0
Методист отдела рмц,511.0
Заведующий отделом по проектному управлению,1673.0
Учитель-дефетолог,39.0
Швея по ремонту одежды,1353.0
Физиопроцедурная медицинская сестра,410.0
Рабочий по обслуживанию сооружений,41.0
Воспитатель оош,578.0
Обувщик,876.0
Заместителе директора по административно-хозяйственной работе,1628.0
Учитель общеобразовательной школы,973.0
Воспитатель овз,1282.0
Учитель овз,1282.0
Учитель общеобраз,39.0
Учитель высш кат общеобр,1364.0
Преподаватель организатор,694.0
Учитель оош,578.0
Вахтер 40ч,236.0
Учитель высш кат овз,1364.0
Контракный управляющий,289.0
Помощник воспитателя ночного дежурства,294.0
Заместитель директора по вч,37.0
Медицинская сестра круглосуточного дежурства высш кат,173.0
Классный руководитель фб,1000.0
Обувщик по ремонту обуви,876.0
Главный бахгалтер,537.0
Заместитель директора по безопасности труда жизнедеятельности,1684.0
Заведующий здравпунктом-медицинская сестра,194.0
Заведующий пед практикой,1704.0
Мойщица посуды,282.0
Зместитель директора административно-хозяйственной части,1628.0
Заведующий турбазой,13.0
Заместитель директора по омр,37.0
Рабочий по обслуживаеию текущему ремонту зданий сооружений,1633.0
Руководитель центра образовательного телевидения,
Заведующий здравпунктом,884.0
Оператор-контролер,1105.0
Специалист по работе большими данными,344.0
Методолог,57.0
Специалист по работе со средствами массовой информации,344.0
Руководитель центра опережающей профессиональной подготовки,
Заведующий производственной практикой,1704.0
Заместитель директора по финансово-хозяйственной деятельности,1330.0
Руководитель отдела бухгалтерского учета,333.0
Руководитель информационно-вычислительного центра,691.0
Техник информационно-вычислительного центра,691.0
Техник-смотритель,449.0
Инженер по тб,
Техник по экспл зданий,394.0
Контрактый управляющий,289.0
Плотник-столляр,1200.0
Заведующий центральным складом,1192.0
Рабочий по обсл тек ремонту,1663.0
Медицинская сестра диетич,1336.0
Слесарь газовой котельной,71.0
Заместитель директора по социальному обеспечению воспитанников,1006.0
Рабочая по стирке рем одежды,975.0
Начальник газовой котельной,1545.0
Инструктор по труд обучению,1016.0
Младший медицинская сестра по уходу за больными,605.0
Техник по рем аппаратуры,1220.0
Аппаратчик хво,495.0
Стар вожатый,572.0
Инструктор по кадрам,33.0
Заместитель директора по фэр,37.0
Преподаватель литературы,139.0
Преподаватель русского языка,251.0
Преподаватель машины,596.0
Заместитель директора по упр,37.0
Преподаватель химии,1068.0
Преподаватель истории,139.0
Ведущий механик,256.0
Преподаватель иностранного языка,
Преподаватель информатики,139.0
Преподаватель математики,139.0
Преподаватель физкультуры,1205.0
Ремонтник,134.0
Слесарь по ремонту электрооборудования,722.0
Преподаватель физики,1233.0
Слесарь по ремонту обслуживанию зданий,1633.0
Преподаватель ппд,139.0
Преподаватель экономики,139.0
Преподаватель устройство автомобиля,841.0
Медицинская сестра физио-кабинета,620.0
Заместитель директора по безопасности образовательного процесса,1527.0
Техник по ремонту электронно-вычислительных машин,1146.0
Кладовщик мягкого инвентаря,249.0
Заместитель директора по медицинской работе,
Воспитатель групп краткосрочного пребывания,43.0
Инструктор по адаптивной физической культуре спорту,1517.0
Заведующий мастерской,
Председатель гэк,53.0
Заместитель дир по учебной работе,348.0
Раб по компл обсл здания,1633.0
Заместитель дир по учебно-воспитательной работе,1409.0
Заведующий учебной части,1143.0
Заместитель директора по безопасности административной работе,1684.0
Преподаватель высшая кат,173.0
Заместитель дир по учебным инновационным технологиям,977.0
Начальник учебно-производственного комплекса,1236.0
Дежурный по зданию,1001.0
Заведующий метод кабинетом,780.0
Заместитель дир по учебным информационно-коммуникационным технологиям,977.0
Начальник отдела документооборота кадровой архивной работы,1548.0
Мастер высшая кат,173.0
Заведующий отделением по внеучебной воспитательной профориентационной работе,1636.0
Слесарь- ремонтник,134.0
Заместитель дир по упр,940.0
Преподаватели,879.0
Плотник- столяр,633.0
Слесарь- электрик,690.0
Начальник отдела компьютерного обеспечения,182.0
Заведующий отделением спо,1636.0
Заместитель директора по учебно-производственной работе,739.0
Руководитель многофункционального центра прикладных квалификаций,869.0
Заведующий учебно-производственным комплексом,1320.0
Заместитель директора по учебной работе теоретическому обучению,348.0
Инспектор по охране труда технике безопасности,1680.0
Монтажник горного оборудования,437.0
Слесарь-монтажник приборного оборудования,437.0
Заведующий лабораторией информационных технологий,575.0
Машиист по стирке белья,1657.0
Проректор по образовательной деятельности,1048.0
Заведующий центром,335.0
Заместитель заведующего центром,18.0
Советник при ректорате,233.0
Заместитель заведущего центром,18.0
Ведущий специалист по видеомонтажу,80.0
Проректор по научной методической информационной деятельности,1284.0
Проректор по проектной деятельности,1673.0
Заведующий центром научно-методическое сопровождения аттестации педагогических работников,335.0
Ведущий графический дизайнер,679.0
Заместитель начальника хозяйственного отдела,1260.0
Графический дизайнер,679.0
Заведующий центром информатизации,335.0
Заведующий центром финансовой грамотности,335.0
Проректор по инновационной проектной деятельности,1673.0
Физ лица,1675.0
Преподаватель без кат,48.0
Педагог-организатор без кат,28.0
Мастер производственного обучения без кат,161.0
Техник без кат,394.0
Кондитер,1287.0
Социальный педагог без кат,1093.0
Инспектор по учету бронированию военнообязанных,1450.0
Заместитель директора по внебюджетной деятельности маркетингу,37.0
Заведующий многофункциональным центром профессиональных квалификаций,335.0
Оператор кмм,70.0
Начальник отдела по развитию информационной системы программного обеспечения,1249.0
Техник-программист без кат,323.0
Начальник штаба го чс,594.0
Продавец,1169.0
Советник директора по оспитанию взаимодействию детскими общественными объединениями,1632.0
Преподаватель-организатор основам безопасности жизнедеятельности без кат,1641.0
Мастер производственного обучения кат,161.0
Инженер по качеству,27.0
Методист без кат,979.0
Заведующий лаборатории информационных технологий,1314.0
Начальник ресурсного центра,
Воспитатель старший,43.0
Заведующая медблоком,
Начальник отдела по инвентаризации строений сооружений,329.0
Начальник ресурного учебно-методического центра,514.0
Водитель легкого автомобиля,841.0
Закройщик,980.0
Заведующий центром дополнительного образования детей взрослых эко-парк,1150.0
Ведущий системный администратор,414.0
Заведующий учебно-производственной мастерской,277.0
Заведующий отделением безопасность жизнедеятельности природоустройство,1636.0
Заведующий центральным,1192.0
Заведующий отделением моделирования конструирования дизайна,1636.0
Заместитель директора по инклюзивному образованию комплектованию трудоустройству студентов,1444.0
Начальник отдела социально-психологической помощи студентам,1591.0
Начальник отдела контроля качества образовательных результатов,922.0
Конструктор,1360.0
Специалист по информационным ресурсам,1629.0
Начальник отдела по учебно-производственной работе,739.0
Заместитель директора по инновационным технологиям профессиональному образовванию методическому сопровождению образовательной деятельности,1311.0
Начальник отдела учебно-методической работы,1688.0
Начальник рег рес центра,19.0
Начальник отдела по охране труда,1436.0
Техник по ремонту обслуживанию ср-в вычислительной техники,619.0
Совм преподаватель проф цикла,621.0
Техник по ремонту обслуживанию вычислительной техники,619.0
Руководитель отдела по проф обр-я обучения,687.0
Руководитель-ль физ воспитания,687.0
Совм преп по руководитель практ,1406.0
Заведующий производством стололовой,227.0
Начальник отдела по учебно-производственным мастерским,1320.0
Договор,607.0
Совм -пед доп образования пдо эбц,997.0
Начальник многофункционального центра прикладных квалификаций,869.0
Начальник профоринтац работы,19.0
Совм пдо эбц,997.0
Руководитель отдела профессионального образования обучения,1155.0
Начальник учебн методич отдела,868.0
Главный специалист по налоговому учету метод сопровождению,211.0
Совм -специалист по инвент зд сооружений,1254.0
Совм техник по ремонту обсл выч техн,1559.0
Руководитель регионального координационного центра движения,1223.0
Начальник отдела по реализации проектов программ ворлдскиллс,271.0
Специалист по ведению информационных систем ресурсов баз данных,1237.0
Котрактный управляющий,289.0
Заведующий отделом организационно-воспитательной работы со студентами,865.0
Переводчик,
Совм преподав проф цикла,621.0
Заведующий спорт комплексом,1002.0
Заместитель директора по развитию связям общественностью,
Совместитель-преподаватель,84.0
Монтажник,831.0
Специалист по инвентаризации зданий сооружений,329.0
Начальник регионального ресурсного центра технико-информационного направления,
Начальник ресурсного учебно-методического центра,514.0
Заведующий технической лаборатории,
Заместитель директора по доп образованию,1444.0
Технолог,462.0
Специалист-т по компл проф подготов студ переподг кадров,1080.0
Совм слесарь ремонтник,134.0
Воспитатель общежития,1156.0
Преподаватель организатор бж,694.0
Дежурный по учебному хозяйству,783.0
Заведующая общежитием,911.0
Инструктор по вождению,33.0
Заведующая лабораторией,1314.0
Заведующий учебным хозяйством,992.0
Слесарь- эелектрик по ремонту электрооборудования,722.0
Преподаватель спецдисциплин,139.0
Водитель грузового автомобиля,841.0
Лаборант по специальным дисциплинам,234.0
Заведующий отделением по подготовке специалистов среднего звена,1589.0
Препод организ основам безопасности жизнедеятельности,641.0
Оператор заправочной станции,1034.0
Заведующий учпх,13.0
Специалист по охране труда квалифицированного уровня,32.0
Слесарь-ремонтник электрооборудования,134.0
Ведущий инспектор по кадрам,287.0
Заведующий уч,1592.0
Инжинер по эксплуатации зданий сооружений,1535.0
Председатель государственной атестационной комиссии,1678.0
Программист кв уровня,1221.0
Руковадитель кружка,
Электромант элек обор,762.0
Дежурный вахтер,1328.0
Кочегар код,412.0
Уборщик производственного помещения,1236.0
Сторож код,560.0
Слесарь ремонтно-восстановительных работ,12.0
Слесарь-токарь,900.0
Заведующий воспитательным отделом,1636.0
Дежурный вахтер код,1328.0
Кладовщик инструментарной,249.0
Управляющим учебным хозяйством,992.0
Педагог доп образования бкат,320.0
Заведующий информационно-техническим сопровождением,331.0
Заведующий лабораторией web-дизайна,575.0
Заместитель директора по информационно-методическому сопровождению системы образования,1311.0
Заведующий лабораторией информационно методического сопровождения цос,575.0
Заведующий отделением технического профиля,1636.0
Педагог дополнительного образования без кат,1642.0
Воспитатель кат,43.0
Мастер кат,40.0
Социальный педагог кат,1093.0
Заведующий отделением дополнительного образования,1150.0
Мастер по вождению,40.0
Вахтер общежития,1156.0
Вахтер учебного корпуса,236.0
Руководитель физвоспитания высш кат,1142.0
Заместитель директора по учеб работе,608.0
Оператор заправочных станций,70.0
Зольщик,2.0
Кладовщик инструментальной кладовой,249.0
Учитель по направлениям деятельности,452.0
Преподаватель по внеклассной работе по физическому воспитанию,443.0
Заместитель директора по информационно коммуникационным технологиям,1582.0
Преподаватель по внеклассной работе по труду проф ориентации,443.0
Специалист технической поддержки обслуживанию сайта,611.0
Заместитель директора по воспитательной работе работе партнерами общественностью,
Заместитель директора по учебно-воспитательной работе- руководитель регионального центра выявления поддержки одаренных детей,124.0
Заведующий информационно техническим сопровождением,331.0
Заместитель директора по со,37.0
Слесарь по теплосетям,12.0
Педагог до,30.0
Парикмахера,1022.0
Секретарь заочного отделения,79.0
Комендант общежития,1062.0
Ведущий специалист по кадровому делопроизводству,1638.0
Раздатчик нефтепродуктов,728.0
Мастер производственного обучения по вождению,161.0
Весовщик,249.0
Не сотрудник,36.0
Заведующий гаража,556.0
Педагог допобразования,30.0
Повар вн,267.0
Инженер- электрик,976.0
Руководитель центра профориентации содействия трудоустройству выпускников,1176.0
Заместитель директора по воспитательной работе социальным вопросам,
Заведующая учебной частью,856.0
Инженер по эксплуатации теплотехнического оборудования,1611.0
Заместитель дир по влсп раб социальным вопросам,994.0
Руководитель центра музейной педагогики,206.0
Кухработник,276.0
Руководитель медиа центра,1223.0
Методист по трудоустройству выпускников,1176.0
Оператор кип,70.0
Социальный педагог высш кат,326.0
Ведуший бухгалтер,61.0
Дежурный по ук,311.0
Заместитель директора по безопасности административно-хозяйственной части,1009.0
Инженер- теплотехник,27.0
Повар кондитер,1287.0
Глава крупецкого,
Специалист химического анализа воды,655.0
Инструктор методист,119.0
Глава бунинского сельсовета,14.0
Заместитель директора по коммерческой деятельности-начальник административно-хозяйственного отдела,1628.0
Начальник отдела по реализации молодежных проектов,271.0
Заместитель директора по организационной культурно-массовой работе,1702.0
Начальник отдела поддержки продвижения молодежных инициатив,1390.0
Специалист по социальной работе молодежью,1689.0
Начальник отдела трудоустройства активных форм занятости,1210.0
Начальник отдела комплектования оздоровительных профильных лагерей,1112.0
Пдо по изо,1187.0
Заместитель заведующего по учебно-воспитательной работе,124.0
Пдо по духовно-нравственному воспитанию,744.0
Пдо по православной культуре,1532.0
Рабочий по стирке специалист одежды,770.0
Пдо по театру,74.0
Пдо по хореографии,74.0
Пдо по нравственному развитию,744.0
Пдо по ритмике,74.0
Пдо по познанию,74.0
Пдо по фольклору,74.0
Пдо по экологии,74.0
Пдо по художественному труду,991.0
Начальник отдела расчетов поставщиками,845.0
Начальник отдела заработной платы,1640.0
Начальник отдела учета материальных ценностей родительской платы питания,1709.0
Пдо по познав развитию,375.0
Рабочий по компл обслуж зданий,1633.0
Заместитель заведующий по учебно-воспитательной работе,181.0
Медицинская сестра по бассейну,620.0
Пдо по анг яз,1447.0
Дежурная по этажу,311.0
Начальник отдела информационного обеспечения мониторинга сфере молодежной политики,1645.0
Заместитель директора по социальному обслуживанию молодежи,1006.0
Начальник отдела поддержки молодежных инициатив общественных объединений,1390.0
Специалист по ведению первичного воинского учета,360.0
Глава глебовского сельсовета,14.0
Главный специалист по охр труда,211.0
Руководитель отделений по работе населением,1019.0
Специалист по услугам,1273.0
Специалист по субсидиям,1038.0
Специалист по компенсациям,123.0
Ведущий специалист по субсидиям,1038.0
Начальник отдела организационно-кадровой работы,984.0
Заведующий центральной,
Заведующий информационным центром,934.0
Заместитель директора по инновационной деятельности развитию,1311.0
Рабочий по ком обсл зданий,1663.0
Пдо по дух -нр воспитанию,1706.0
Инструктор по физк,33.0
Инженер по,27.0
Раб по стирке специалист одежды,770.0
Инженер по информ сист,1694.0
Инженер по ит,1701.0
Пдо по позноват развитию,375.0
Пдо по ин яз,1447.0
Заместитель по финансовым вопросам,941.0
Заместитель главы администрации по общим вопросам,1552.0
Начальник отдела по бухгалтерскому учету главный бухгалтер,946.0
Заместитель по финансам экономике,601.0
Специалист-эксперт по ведению первичного воинского учета,360.0
Заместитель главы по финансам экономике,601.0
Председатель ликвидационной комиссии,1678.0
Специалист по общим вопросам го чс,1648.0
Специалист по делопроизводству формированию архивного фонда,938.0
Специалист по го чс,
Специалист по межведомственному взаимодействию,217.0
Специалист по хозяйственной части,1460.0
Начальник отдела -главный бухгалтер,88.0
Главный специалист-эксперт по расчетам организациями подотчетными лицами,931.0
Глава мантуровского сельсовета мантуровского района,
Ведущий специалист по воинскому учету,592.0
Специалист по расчетам организациями подотчетными лицами,931.0
Глава поселка солнцево,380.0
Заместитель главы администрации поселка солнцево,1656.0
Заместитель председателя-главный архитектор,1310.0
Работник по содержанию кладбища,1531.0
Работник по благоустройству,108.0
Глава городновского сельсовета,14.0
Начальник финансового отдела -главный бухгалтер,1695.0
Консультант отдела ревизий,1247.0
Заместитель начальника отдела ревизий,1247.0
Заместитель начальника управления главный бухгалтер,242.0
Начальник отдела финансово-правового обеспечения,
Консультант отдела финансово-правового обеспечения,
Специалист по технике безопасности охране труда,1680.0
Инженер ивт,27.0
Специалист по воинскому учету,592.0
Тех сотрудница,481.0
Координатор,140.0
Учитель внеурочной деятельности,966.0
Специалист-эксперт бухгалтерского учета,1653.0
Специалист по вопросам го чс,1648.0
Уборщица домов культуры,565.0
Заместитель начальника управления-начальник отдела,183.0
Учитель-сов,39.0
Заместитель директора по учебно-воспитательной работе-сов,124.0
Рабочий по обслуживанию здания школы,1633.0
Заместитель директора по вр-сов,
Глава дружненского сельсовета курчатовского района,
Глава города рыльска,275.0
Исполняющей обязанности начальника отдела,209.0
Учитель опк,296.0
Учитель мнт оэк,39.0
Учитель театра,39.0
Учитель изо технологии,1140.0
Учитель ритмики хореографии,797.0
Рабочий по обслуживанию здания 6-го квалифик разряда,1633.0
Военно-учетный работник,108.0
Преподаватель фортепиано концертмейстер,1634.0
Преподаватель эстрадного вокала,1042.0
Преподаватель баяна доп фортепиано,721.0
Преподаватель баяна аккордеона,721.0
Преподаватель духовых инструментов,365.0
Преподаватель гитары,836.0
Преподаватель фольклора,139.0
Преподаватель теории дополнительного фортепиано,602.0
Преподаватель хора вокала,1634.0
Преподаватель балалайки гитары,836.0
Преподаватель дополнительного фортепиано,602.0
Специалист по учету населения,1339.0
Заместитель начальник отдела,1571.0
Заместитель начальника начальник отдела экономики финансов,1378.0
Специалист по организации границах поселения водоснабжения населения,555.0
Специалист по вопросам обеспечения проживающих поселении нуждающихся жилых помещениях малоимущих граждан жилыми помещениями,889.0
Инженер-преподаватель центра обработки данных,1475.0
Лаборант-методист,234.0
Заместитель руководителя -заведующий по учебной части,1143.0
Заместитель руководителя по работе федеральной сетью внешними партнерами ццо it куб,1617.0
Учитель математики информатики,896.0
Менеджер по управлению проектами центра цифрового образования it-куб,1617.0
Директор подготовительных классов,
Заместитель директора по учебно-воспитательной работе подготовительных классов,124.0
Учитель подготовительных классов,
Инженер электронно-вычислительных машин,1146.0
Главный бухгалтер подготовительных классов,1677.0
Помощник председателя курского городского собрания,265.0
Председатель курского городского собрания,1077.0
Заместитель председателя курского городского собрания,265.0
Заместитель руководителя аппарата курского городского собрания-начальник информационно-аналитического отдела,487.0
Консультант организационного отдела аппарата,712.0
Заместитель начальника отдела делопроизводства,
Консультант отдела делопроизводства аппарата,630.0
Начальник организационного отдела аппарата,712.0
Руководитель аппарата курского городского собрания,487.0
Заместитель руководителя аппарата курского городского собрания-начальник отдела правового обесп,487.0
Начальник отдела делопроизводства аппарата,630.0
Заместитель начальника информационно-аналитического отдела,
Заместитель начальника организационного отдела,1650.0
Заместитель начальник отдела правового обеспечения аппарата курского городского собрания,487.0
Депутат,30.0
Председатель комитета курского городского собрания,1077.0
Специалист организационного отдела,1650.0
Консультант отдела правового обеспечения,407.0
Председатель тос,53.0
Главы администрации округа,1172.0
Заместитель главы администрации округа,1172.0
Управляющий делами администрации округа,38.0
Специалист разряда,923.0
Глава администрации округа,
Начальник отдела- главный бухгалтер,88.0
Глава наумовского сельсовета,14.0
Глава козинского сельсовета рыльского района,
Специалист по ведению воинского учета администрации,
Специалист администрации,123.0
Глава малогнеушевского сельсовета рыльского района,
Учителем музыки,529.0
Учитель немецкого языка,
Учитель французкого языка,
Учитель опк однк,296.0
Учитель обществознания права,973.0
Руководитель практики,1704.0
Учитель истории основ православной культуры,738.0
Уборщик производственных служебных помещений территории,793.0
Техник электрик,82.0
Бухгалтер подготовительных классов,1677.0
Учитель- логопед подготовительных классов,
Артист-концертный исполнитель духового оркестра,260.0
Артист-концертный исполнитель эстрадного оркестра,260.0
Артист-концертный исполнитель,260.0
Артист-концертный исполнитель хоровой капеллы,260.0
Художественный руководитель струнного квинтета,
Художественный руководитель вокального ансамбля,586.0
Артист концертный исполнитель квинтета русских народных инструментов,1196.0
Артист-концертный исполнитель струнного квинтета,260.0
Заведующий отделом компьютерных медиа технологий,1636.0
Чтец мастер художественного слова,589.0
Аккомпаниатор-концертмейстер ансамбля русской песни,1073.0
Художественный руководитель квинтета русских народных инструментов,539.0
Артист-концертный исполнитель вокального ансамбля,260.0
Артист-концертный исполнитель эстрадно-симфонического оркестра,260.0
Художественный руководитель ансамбля русской песни,1073.0
Художественный руководитель хоровой капеллы,
Артист-концертный исполнитель танцевального коллектива,131.0
Главный режисс,842.0
Артист-концертный исполнитель ансамбля русской песни,260.0
Художественный руководитель эстрадного оркестра,
Специалист экспозиционно-выставочного отдела,123.0
Художественный руководитель духового оркестра,1706.0
Художественный руководитель танцевального коллектива,1555.0
Старший техник,394.0
Артист-концертный исполнитель ансамбля русских народных инструментов,1196.0
Художественный руководитель ансамбля русских народных инструментов,539.0
Лектор-экскурсовод,81.0
Смотритель,449.0
Заместитель главы администрации города курска,786.0
Консультант по исполнению функций режимно-секретного подразделения,1111.0
Заместитель председателя комитета-начальник отдела,147.0
Консультант по охране труда,1436.0
Глава города курска,275.0
Первый заместитель главы администрации города,740.0
Главы администрации города курска,786.0
Помощник главы,117.0
Директора департамента,1594.0
Заместителя главы администрации города курска,786.0
Председателя комитета,581.0
Заместитель директора департамента-начальника отдела,1374.0
Главы города курска,520.0
Первого заместителя главы администрации города,262.0
Начальник финансового отдела администрации города курска,786.0
Доп помощник воспитателя,294.0
Воспитатель доп,819.0
Тренер-преподаватель 12р 24ч,283.0
Тр -пр 14р,283.0
Тренер-преподаватель 15р,301.0
Тренер-преподаватель 12р 9ч,283.0
Тренер-преподаватель час нед,301.0
Тренер-преподаватель 12р 35ч,283.0
Бухгалтер 7р,61.0
Старший тренер-преподаватель 15р - тарифн старший,11.0
Тренер-преподаватель разр,301.0
Тренер-преподаватель 11р,301.0
Тренер-преподаватель тар старший 14р,301.0
Заместитель председателя комитета-начальник финансово-экономического отдела,147.0
Начальник отдела семейной политики,182.0
Заместитель начальника финансово-экономического отдела,338.0
Заместитель председателя комитета-начальник отдела физической культуры спорта,284.0
Учитель подговительных классов,870.0
Учитель по ментальной математике,39.0
Техник по ремонту аппаратуры,1356.0
Медицинская сестра ортоптистка,620.0
Главный бухгалтер подготовительных курсов,1677.0
Заместитель директора по учебно-воспитательной работе подготовительные классы,124.0
Бухгалтер подготовительных курсов,1677.0
Дежурный администратор,1458.0
Начальник отдела по бухучету отчетности,182.0
Специалист по организации водоснабжения населения,555.0
Специалист по обеспечению проживающих нуждающихся жилых помещениях малоимущих граждан жилыми помещениями,889.0
Дежурный оперативный еддс города курска,418.0
Дежурный водитель еддс,311.0
Аналитик систем мониторинга еддс города курска,974.0
Помощник дежурного оперативного- оператор - еддс города курска,1652.0
Старший дежурный оперативный еддс города курска,418.0
Ведущий специалист оператор баз данных,1540.0
Заведующий мто,1185.0
Старший оперативной группы еддс города курска,1317.0
Заместитель начальника фэо главного бухгалтера,1679.0
Начальник фэо главный бухгалтер,521.0
Спасатель класса,470.0
Начальник асф города курска,315.0
Заместитель начальника асф города курска,315.0
Начальник отдела программир-я обслуж-я электронно-вычислительных машин связи телесигнализации,428.0
Заместитель начальника отдела программир-я обслуж-я электронно-вычислительных машин связи телесигнализации,428.0
Ведущий специалист оператор системы,1540.0
Первый заместитель начальника управления,242.0
Начальник маневренной поисковой группы асф города курска,315.0
Заместитель начальника управления по экономике,242.0
Машинист автовышки,69.0
Начальник отдела мто,1185.0
Заместитель начальника еддс города курска,340.0
Начальник сектора по работе отделами го чс округов города курска,1410.0
Заместитель начальника управления по антикризисному управлению,242.0
Начальник службы психолог поддержки реабилитации,317.0
Главный специалист заместитель начальника еддс,340.0
Инженер-системотехник отдела отдела программирования обслуживания электронно-вычислительных машин связи телесигнализации,816.0
Уборщик помещений асф города курска,315.0
Ведущий специалист диспетчер системы,56.0
Главный специалист-заместитель начальника отдела программирования обслуживания электронно-вычислительных машин связи ителесигнализации,816.0
Главный специалист-старший оперативный дежурный еддс города курска,1317.0
Главный специалист помощник старшего оперативного дежурного еддс города курска,1652.0
Заместитель начальника управления начальник отдела гражданской защиты,183.0
Юрисконсульт юридического отдела,364.0
Спасатель общественного спасательного поста,470.0
Ведущий специалист оператор систем мониторинга еддс,974.0
Заместитель по воспитательной работе,1687.0
Специалист по осуществлению переданных полномочий по организации водоснабжения населения,555.0
Специалист по осуществлению переданных полномочий по обеспечению нуждающихся жилых помещениях малоимущих граждан,889.0
Учитель начальных классов подготовительнеый персонал,494.0
Учитель математики алгебры геометрии,896.0
Специалист по от технике безопасности,1680.0
Специалист по охране труда технике блезопасности,374.0
Педагог дополниьенительного образования,1642.0
Начальник отдела по благоустройству охраны общественного порядка культуры,1655.0
Заместитель главы администрации по финансам экономике,601.0
Организатор основам безопасности жизнедеятельности,1641.0
Глава краснодолинского сельсовета,14.0
Специалист по имущественным вопросам,403.0
Специалист по земельным имущественным вопросам,403.0
Слесарь-электрик по ремонту электооборудования,1639.0
Заместитель директора по внекласной работе,608.0
Настройщик щипковых инструментов,1228.0
Уборщик производ служеб помещений,440.0
Педагог дополнит образования,913.0
Учитель старший классов,870.0
Уборщик сл помощник,530.0
Техник- программист,323.0
Учитель старший кл внеш сов-ль,1164.0
Педагог дополнит образования сов-ль,913.0
Педагог-организатор основам безопасности жизнедеятельности,1641.0
Преподаватель-концертмейстер,1039.0
Уборщица производ служеб помещений,440.0
Рабочий по обсл зданий,1663.0
Учитель начальник кл дн,828.0
Воспиталь зпр,796.0
Учитель по внутр совм дн,621.0
Инженер по охране труда совмещ,122.0
Учитель совмещение,908.0
Воспиталь зпр совмещение,796.0
Пед доп обр,207.0
Уборщик сл помещений,530.0
Рабочий по комплекс обслуживанию ремонту зданий,1633.0
Советник директора по воспитанию взаимодействию детскими общественными организациями,1632.0
Уборщик произв сл помещ,530.0
Педагог -библиотекарь,166.0
Инженер по тех безоп охране труда,1436.0
Уборщик произ служ помещений,654.0
Уборщик совместитель,84.0
Сторож сов-ль,1064.0
Преподаватель доп образования,320.0
Гардеробщик совместитель,1304.0
Дворник совместитель,192.0
Сов-ль рабочий по обслуживанию здания,1633.0
Заместитель начальника отдела учета отчетности,1644.0
Специалист общего отдела,1225.0
Главный специалист по программному обеспечению,1705.0
Специалист отдела учета отчетности,1644.0
Начальник отдела информации печати главный редактор,1207.0
Ведущий спрециалист-эксперт,386.0
Кочегар газовой котельной,71.0
Начальник отдела администрации -муниципальный советник класса,
Начальник отдела администрации сельсов,
Главный специалист-эксперт администрации референт муниципальной службы класса,125.0
Глава удеревского сельсовета,14.0
Заместитель начальника отдела главного бухгалтера,1679.0
Главный бухгалтер начальник финансово экономического отдела,1695.0
Заместитель директора-начальник отдела,37.0
Оператор электронной верстки,70.0
Дизайнер-верстальщик,371.0
Редактор приложения,223.0
Редактор отдела рекламы закупок,463.0
Шеф-редактор сайта,475.0
Руководитель главный редактор,564.0
Заведующий секретариатом корреспондент отдела рекламы,1057.0
Заведующий мбуз,13.0
Инженер по комплектации оборудования,27.0
Начальник отдела содержания безопасности автомобильных дорог,1512.0
Начальник отдела организационно-правовой кадровой финансовой работы-главный бухгалтер,1585.0
Начальник отдела строительства жкх архитектуры,1454.0
Начальник отдела по управлению муниципальным имуществом земельным правоотношениям администрации города обояни,208.0
Заместитель главы администрации города обояни по экономике,312.0
Ведущий специалист-эксперт отдела организационно-методического кадрового обеспечения администрации города обояни,599.0
Ведущий специалист-эксперт отдела строительства жкх архитектуры администрации города обояни,1454.0
Глава администрации города обояни,
Начальник отдела организационно-методического кадрового обеспечения администрации города обояни,599.0
Ведущий специалист-эксперт отдела по управлению муниципальным земельным правоотношениям администрации города обояни,208.0
Библиотекарь-специалист по связям общественностью,217.0
Библиотекарь-специалист по библиотечно-выставочной работе,1499.0
Специалист по контролю за делопроизводством,666.0
Специалист по организации муниципального контроля,1209.0
Специалист по вопросам похоронного дела,1263.0
Специалист по программным технологиям,1705.0
Секретарь референд,79.0
Организатор ярмарок,280.0
Специалист по вопросам местного значения,1263.0
Специалист по правовым вопросам,1681.0
Рабочий по благоустройству города,293.0
Мастер механик,256.0
Тракторист погрузчика,651.0
Рабочий по обслуживанию пляжа,41.0
Водитель класса председателя курского городского собрания,265.0
Водитель класса,1081.0
Водитель класса заместителя главы администрации города курска,786.0
Слесарь-бригадир,1483.0
Водитель класса дежурного автомобиля,1081.0
Механик по ремонту выпуску автотранспорта,1278.0
Водитель класса главы города курска,520.0
Реставратор смычковых щипковых инструментов,1228.0
Фото съемка,475.0
Член жюри,463.0
Специалист области охраны труда,794.0
Реставратор,883.0
Начальник административно-правового отдела,1628.0
Ведуший специалист вус,417.0
Заместитель главы адмиинистрации,76.0
Заместитель главы администрации по правовым вопросам,
Начальник отдела финансов,1664.0
Специалист по работе еис,344.0
Специалист по административно-хозяйственной деятельности,1628.0
Глава любимовского сельсовета,14.0
Преподаватель преподаватели,879.0
Электромонтер по реонту обслуживанию здания,1633.0
Рабочий по благоустройству территории,293.0
Специалист по учету муниципального имущества,1339.0
Шофер,572.0
Специалист по первичному ву,417.0
Водитель спецтехники,62.0
Дорожный рабочий,713.0
Машинист- разметчик,69.0
Электромонтажник,950.0
Начальник по производству установке тсодд,1350.0
Старший инженер-проектировщик по организации дорожного движения,791.0
Начальник сфетофорного участка,230.0
Слесарь-дорожный рабочий,713.0
Инженер-проектировщик по организации дорожного движения,791.0
Аппликатор-дорожный рабочий,713.0
Начальник участка,
Начальник транспортно-хозяйственного участка,1597.0
Слесарь-водитель,62.0
Машинист автогрейдера,69.0
Старший инженер по техническому обслуживанию цпу асудд,623.0
Старший специалист по закупкам,1654.0
Машинист-оператор,69.0
Заместителя главы администрации курской области,1485.0
Лаборант по химии,707.0
Советник директора по воспитанию взаимодействия детскими общественными объединениями,1307.0
Лаборант по физике,234.0
Преподаватель-организатор основам безопасности жизнедеятельности первой квалификационной категории,1641.0
Медицинская сестра высшей квалификационной категории,620.0
Заместитель главы администрации поселка,1656.0
Главный специалист эксперт по управлению имуществом строительству земельным правоотношениям,795.0
Главный специалист эксперт по правовым вопросам,1681.0
Главный специалист-эксперт по кадровым вопросам делопроизводству,1240.0
Главный специалист эксперт финансового отдела,295.0
Начальник финансового отдела- главный бухгалтер,1695.0
Заместитель руководителя службы юридического сопровождения,894.0
Руководитель службы размещения,794.0
Ведущий инженер по ремонту,1148.0
Руководитель диспетчерской службы,1334.0
Специалист службы протокола,582.0
Ведущий специалист службы протокола,582.0
Руководитель службы протокола,582.0
Руководитель службы документационного обеспечения,
Заместитель директора- руководитель контрактной службы,701.0
Руководитель службы правового кадрового обеспечения,1206.0
Руководитель службы юридического сопровождения,894.0
Техник по эксплуатации зданий,1335.0
Медицинская сестра медицинский брат,1419.0
Старший уборщик служебных помещений,1054.0
Бригадир слесарей по ремонту автомобилей,1697.0
Воспитатель приоритет направления,43.0
Воспитатель приоритетного направления худ -эстетического развития,705.0
Плотник кв разряда,1200.0
Воспитатель приоритетного направления позновательного развития,705.0
Заведующий отделением программ подготовки квалифицированных рабочих служащих,1524.0
Раздатчик нефепродуктов,728.0
Заместитель директора-куратор шпд,37.0
Педагог дополнительного образования внешние,1642.0
Концертмейстер внешние,419.0
Заместитель директора по от тб,
Заведующий секцией,13.0
Логопед-дефектолог,1526.0
Воспитатель 1к специалист гр,726.0
Воспитатель специалист группы,
Младший воспитатель доп,819.0
Воспитатель дополнительный,859.0
Учитель-дефектолог 1к,195.0
Младший воспитатель специалист гр,
Главный инжинер,861.0
Начальник отдела веб-дизайна,182.0
Начальник инженерно-технического отдела,489.0
Методист кабинета межкурсовой подготовки педагогическими кадрами,1403.0
Методист кабинета руководящих кадров практики управления,1368.0
Методист лаборатории инновационных проектов методического обеспечения деятельности мэп,425.0
Методист кабинета воспитательных систем дополнительного образования,1546.0
Заведующий лаборатории инновационных проектов методического обеспечения деятельности мэп,425.0
Внеурочная деятельность,1297.0
Классное руководитель-во фед,519.0
Муз руководитель специалист гр,540.0
Пдо по правосл развитию,1003.0
Заместитель директора по организационно-массовой работе,1650.0
Воспитатель дополнительный 1к,859.0
Пдо по позн развитию специалист гр,1033.0
Пдо по изо высш катег,1187.0
Пдо по народной культуре,947.0
Заместитель заведущего по административно-хозяйственной работе,
Заместитель директора по итк,37.0
Учитель-логопед 1к,54.0
Заместитель директора по психологическо-педагогической работе,
Инженер по обслуживанию электронно-вычислительных машин,1146.0
Педагог-психолог 1к,92.0
Пдо по позн развитию,1033.0
Пдо по изо 1к специалист гр,726.0
Помощник воспитателя доп,294.0
Медицинская сестра по физиотерапи,410.0
Пдо по спортивным танцам,74.0
Техник по ремонту аппарата,1356.0
Заместитель директора по учебно-воспитальной работе,124.0
Советник директора по воспитанию взаимодейтсвию детскими общественными объединениями,1632.0
Заместитель директора по учебно-восп работе,1008.0
Заведующий хоз,848.0
Рабочий по копмплексному обслуживанию ремонту зданий,1633.0
Советник директора по воспитанию взаимодействию общественными объединениями,1632.0
Исполняющий обязанности заместителя директора,1126.0
Преподаватель-совместитель внешний,915.0
Преподаватель хореогр,139.0
Преподаватель по внутреннему совместительству,681.0
Преподаватель изо,139.0
Преподаватель ф-но,1606.0
Концертмейстер-совместитель внешний,915.0
Концертмейстер по внутреннему совместительству,681.0
Преподаватель эстрадного пения,1042.0
Преподаватель младших классов,870.0
Настройщик пианино,1050.0
Раб по обсл здан,1429.0
Машинист по стирке билья,1473.0
Уборщица сл помощник,530.0
Воспитатель сада,1089.0
Учитель- совместитель,84.0
Лаборант по информатизации информационным технологиям,1629.0
Кл руководитель,
Педагог дополнительного образования совместитель,1642.0
Заведующий библиот,566.0
Повар учебной работе,348.0
Слесарь-электрик по ремонту электрооборудования квт,1639.0
Слесарь-электрик по ремонту электрооборудования свыше квт,1639.0
Начальник отдела администрации-главный бухгалтер,1160.0
Глава коммунаровского сельсовета беловского района,
Глава пенского сельсовета,14.0
Работник вус,996.0
Глава песчанского сельсовета беловского района,
Глава щеголянского сельсовета беловского района,
Глава ивановского сельсовета,14.0
Главный специалист-эксперт главный бухгалтер референт муниципальной службы класса,125.0
Заместитель главы администрации действительный,
Специалист секретарь муниципальной службы класса,125.0
Главный специалист-эксперт главный бухгалтер,176.0
Глава снагостского сельсовета,14.0
Специалист отдел учета отчетности администрации,1561.0
Специалист вур,123.0
Специалист осуществляющий первичный военский учет,890.0
Тренер-преподаватель по подготовке вратарей,301.0
Преподаватель по классу ф-но,1634.0
Преподаватель по классу вокала,1322.0
Преподаватель по классу виолончели,1634.0
Преподаватель по классу духовых инструментов,365.0
Преподаватель по классу хоровых дисциплин,1634.0
Преподаватель по классу гитары,1634.0
Преподаватель по классу домры,1634.0
Преподаватель по классу балалайки,1634.0
Преподаватель по классу теории,1634.0
Преподаватель изобразительного искусства,310.0
Преподаватель по классу изо,1634.0
Преподаватель по классу народного пения,1634.0
Преподаватель по классу хореографии,1634.0
Специалист по вус,417.0
Заместитель начальника руководитель еддс,340.0
Заместитель руководителя еддс старший дежурный оперативный,151.0
Уборщик служеб помещ,1343.0
Пдо по правосл культ,1003.0
Заместитель завед по учебно-воспитательной работе,181.0
Воспитатель специалист гр,
Пдо по познавательному развитию,375.0
Пдо по иностранному языку,74.0
Пдо по худ труду,991.0
Млад воспит доп,819.0
Инструктора по физической культуре,1467.0
Пдо по очпс,74.0
Уборщик бассейна,1280.0
Медицинская сестра бассейна,620.0
Пдо по вакалу,74.0
Младший воспит ночной,1579.0
Пдо по опк,74.0
Пдо по информационно-коммуникативным технологиям,1097.0
Оператор хлорн установки,232.0
Пдо по театральной деятельности,1550.0
Пдо по ручному труду,991.0
Ведущий бухгалтер компенсац отдел,1683.0
Ведущий бухгалтер матер отдел,1683.0
Начальник отдела материалов продуктов питания родительской платы,1709.0
Начальник отдела расчетов поставщиками подрядчиками,845.0
Ведущий бухгалтер зп отдел,1683.0
Начальник отдела по выполнению государственных полномочий по начислению компенсации родительской платы,1218.0
Начальник отдела расчетов рабочими служащими,1448.0
Пдо по краеведению,74.0
Учитель руского языка литературы,
Учитель обслуживающего труда,668.0
Учитель биологии химии,359.0
Учитель английского языка информатики,784.0
Педагог по предмету,452.0
Методист по цифровым технологиям,1705.0
Учитель математики классы,150.0
Бухгалтер 2-ой категории,906.0
Заместитель дирек по учебно-воспитательной работе,181.0
Педагог по предмету математика,452.0
Учитель русского языка классы,251.0
Методист по профориентации,1503.0
Глава толпинского сельсовета,14.0
Начальник отдела по бухгалтерскому учету отчетности главный бухгалтер,946.0
Начальник финансового отдела-главный бухгалтер,1695.0
Глава рышковского сельсовета железногорского района,
Заместитель главы по экономике финансам бух учету главный бухгалтер,488.0
Ведущий специалист-эксперт по ведению воинского учета,
Глава сельского совета,983.0
Заместитель главы сельского совета,983.0
Специалист по ведению военского учета,
Контрактный управляющий по физической защиты,397.0
Земеститель главы,887.0
Пдо по духовно-нравственному развитию,744.0
Физио медицинская сестра,410.0
Пдо по адаптивной физкультуре,1052.0
Пдо по познавательной деятельности,1550.0
Глава кореневского сельсовета,14.0
Врио главы,1127.0
Начальник отдела по бух учету отчетности,1640.0
Специалист по выполнению полномочий,711.0
Заместитель начальник отдела по бух учету отчетности,1640.0
Главный специалист отдела бюджетного учета отчетности,133.0
Главный специалист отдела учета отчетности,1653.0
Учитель музыки пения,529.0
Учитель информатики икт,436.0
Учитель истории экономики права обществознания,346.0
Учитель иностранных языков,39.0
Учитель изобразительного искусства черчения,310.0
Специалист по от технике безопасности 1к уровень,1680.0
Педагог дополнительного образов,1642.0
Учитель ритмики,797.0
Начальник финансового отдела главный бухгалтер,1695.0
Глава волковского сельсовета,14.0
Врио главы города фатежа,632.0
Заместитель начальника бухгалтерского учета отчетности,1640.0
Начальник отдела бухгалтерского уч та отч тности,1441.0
Начальник отдела архитектуры градостроительства землеустройства,86.0
Заместитель главы города фатежа,632.0
Договорник,192.0
Глава города фатежа,275.0
Начальник отдела физкультуры спорта,528.0
Заведующий кладбищем,13.0
Уборщик территорий отдела физкультуры спорта,528.0
Глава никольского сельсовета,14.0
Начальника отдела бухгалтерского учета отчетности,1640.0
Глава молотычевского сельсовета фатежского района,
Глава иванчиковского сельсовета,14.0
Работник осуществляющий первичный воинский учет,890.0
Исполнение полномочий по решению вопросов местного значения,1133.0
Глава верхнелюбажского сельсовета,14.0
Специалист по первичному воинскому учету,592.0
Временно исполняющий обязанности галавы,497.0
Заместитель главы адмнистрации,76.0
Глава верхнехотемльского сельсовета,14.0
Работник по ведению воинского учета,
Рабочий по благоустройст населен пункт,451.0
Экскаваторщик,1373.0
Рабочий по комплексной уборке содержанию домовладений,1481.0
Председатель уличного комитета,238.0
Заместитель главы поселка поныри,1161.0
Глава поселка поныри,380.0
Юрист консультант,849.0
Юрист-консультант,849.0
Ремонтировщик плоскостных спортсооружений,710.0
Рабочий по ремонту обслуживанию здания,1619.0
Тренер-преподаватель по адаптивной физической культуре,445.0
Медицинский сестра по массажу,988.0
Советник директора повоспитанию взаимодействию детскими общественными объединениями,1632.0
Уборщик сл помешений,530.0
Педагог доп образов,320.0
Концентмейстер,419.0
Специалист по охране труда тб,374.0
Ученик,39.0
Главныйспециалист-экперт,295.0
Пдо по вокалу,1268.0
Техник-механик,256.0
Тренер-преподаватель по хореографии,490.0
Директор дюсш,24.0
Замдиректора по административно-хозяйственной работе,
Замдиректора по ср,1014.0
Главный специалист-эксперт отдела бух учета отчетности,1653.0
Начальник отдела по земельным имущественным вопросам,403.0
Глава поселка тим,380.0
Главный специалист-эксперт по земельным имущественным вопросам,403.0
Оператор аогв,70.0
Начальник отдела инновационных программ,1349.0
Начальник отдела профилактических программ,1349.0
Начальник отдела работающей молодежи,182.0
Сторож базы мто,1185.0
Ведущий специалист по кадрам делопроизводству,1638.0
Заведующий базой,13.0
Уборщица помещений,565.0
Учитель истории обществознания права,346.0
Преподаватель по внекл раб,1429.0
Председателя,1310.0
Мастер по промыслу,40.0
Заместитель директора по творческой работе,1650.0
Начальник отдела бухгалтерского учета отчетности администрации-главный бухгалтер,1238.0
Специалист отдела бухгалтерского учета отчетности,1640.0
Заместитель главы по общим вопросам,1552.0
Специалист по осуществлению первичного воинского учета на территориях где отсутствуют военные комиссариаты,360.0
Председатель контрольно-счетной палаты города курска,672.0
Аудитор контрольно-счетной палаты города курска,672.0
Специалист эксперт,247.0
